<?xml version="1.0" encoding="UTF-8" standalone="yes" ?>
<program>
  <header>
    <applicationBuildName></applicationBuildName>
    <applicationBuildNumber>0</applicationBuildNumber>
    <applicationName>Pocket Code</applicationName>
    <applicationVersion>0.9.21</applicationVersion>
    <catrobatLanguageVersion>0.992</catrobatLanguageVersion>
    <dateTimeUpload></dateTimeUpload>
    <description></description>
    <deviceName>GT-I9500</deviceName>
    <landscapeMode>false</landscapeMode>
    <mediaLicense></mediaLicense>
    <platform>Android</platform>
    <platformVersion>21.0</platformVersion>
    <programLicense></programLicense>
    <programName>loudness control</programName>
    <remixOf></remixOf>
    <scenesEnabled>true</scenesEnabled>
    <screenHeight>1920</screenHeight>
    <screenMode>STRETCH</screenMode>
    <screenWidth>1080</screenWidth>
    <tags></tags>
    <url></url>
    <userHandle></userHandle>
  </header>
  <settings/>
  <scenes>
    <scene>
      <name>Scene 1</name>
      <objectList>
        <object type="SingleSprite" name="Background">
          <lookList/>
          <nfcTagList/>
          <scriptList>
            <script type="StartScript">
              <brickList>
                <brick type="SetXBrick">
                  <commentedOut>false</commentedOut>
                  <formulaList>
                    <formula category="X_POSITION">
                      <type>NUMBER</type>
                      <value>100</value>
                    </formula>
                  </formulaList>
                </brick>
              </brickList>
              <commentedOut>false</commentedOut>
              <isUserScript>false</isUserScript>
            </script>
          </scriptList>
          <soundList/>
          <userBricks/>
        </object>
        <object type="SingleSprite" name="Logo Final Phiro">
          <lookList>
            <look name="Logo Final Phiro">
              <fileName>b57733295012df5a6d58b7adbce2c77d_Logo Final Phiro.png</fileName>
            </look>
          </lookList>
          <nfcTagList/>
          <scriptList>
            <script type="StartScript">
              <brickList>
                <brick type="PlaceAtBrick">
                  <commentedOut>false</commentedOut>
                  <formulaList>
                    <formula category="Y_POSITION">
                      <type>NUMBER</type>
                      <value>0</value>
                    </formula>
                    <formula category="X_POSITION">
                      <type>NUMBER</type>
                      <value>0</value>
                    </formula>
                  </formulaList>
                </brick>
                <brick type="PointInDirectionBrick">
                  <commentedOut>false</commentedOut>
                  <formulaList>
                    <formula category="DEGREES">
                      <type>NUMBER</type>
                      <value>90.0</value>
                    </formula>
                  </formulaList>
                </brick>
                <brick type="TurnRightBrick">
                  <commentedOut>false</commentedOut>
                  <formulaList>
                    <formula category="TURN_RIGHT_DEGREES">
                      <type>NUMBER</type>
                      <value>90</value>
                    </formula>
                  </formulaList>
                </brick>
                <brick type="ForeverBrick">
                  <commentedOut>false</commentedOut>
                </brick>
                <brick type="SetSizeToBrick">
                  <commentedOut>false</commentedOut>
                  <formulaList>
                    <formula category="SIZE">
                      <leftChild>
                        <type>SENSOR</type>
                        <value>LOUDNESS</value>
                      </leftChild>
                      <rightChild>
                        <type>NUMBER</type>
                        <value>4</value>
                      </rightChild>
                      <type>OPERATOR</type>
                      <value>MULT</value>
                    </formula>
                  </formulaList>
                </brick>
                <brick type="LoopEndlessBrick">
                  <commentedOut>false</commentedOut>
                </brick>
              </brickList>
              <commentedOut>false</commentedOut>
              <isUserScript>false</isUserScript>
            </script>
            <script type="StartScript">
              <brickList>
                <brick type="ForeverBrick">
                  <commentedOut>false</commentedOut>
                </brick>
                <brick type="PhiroMotorMoveBackwardBrick">
                  <commentedOut>false</commentedOut>
                  <formulaList>
                    <formula category="PHIRO_SPEED">
                      <type>SENSOR</type>
                      <value>LOUDNESS</value>
                    </formula>
                  </formulaList>
                  <motor>MOTOR_BOTH</motor>
                </brick>
                <brick type="LoopEndlessBrick">
                  <commentedOut>false</commentedOut>
                </brick>
              </brickList>
              <commentedOut>false</commentedOut>
              <isUserScript>false</isUserScript>
            </script>
          </scriptList>
          <soundList/>
          <userBricks/>
        </object>
      </objectList>
      <data>
        <objectListOfList/>
        <objectVariableList/>
        <userBrickVariableList/>
      </data>
      <originalWidth>1080</originalWidth>
      <originalHeight>1920</originalHeight>
    </scene>
  </scenes>
  <programVariableList/>
  <programListOfLists/>
</program>