<?xml version="1.0" encoding="UTF-8" standalone="yes" ?>
<program>
  <header>
    <applicationBuildName></applicationBuildName>
    <applicationBuildNumber>0</applicationBuildNumber>
    <applicationName>Pocket Code</applicationName>
    <applicationVersion>0.9.27</applicationVersion>
    <catrobatLanguageVersion>0.993</catrobatLanguageVersion>
    <dateTimeUpload></dateTimeUpload>
    <description></description>
    <deviceName>Lenovo A7010a48</deviceName>
    <landscapeMode>true</landscapeMode>
    <mediaLicense></mediaLicense>
    <platform>Android</platform>
    <platformVersion>23.0</platformVersion>
    <programLicense></programLicense>
    <programName>BETT FACE DETECTION</programName>
    <remixOf></remixOf>
    <scenesEnabled>true</scenesEnabled>
    <screenHeight>1080</screenHeight>
    <screenMode>STRETCH</screenMode>
    <screenWidth>1920</screenWidth>
    <tags></tags>
    <url></url>
    <userHandle></userHandle>
  </header>
  <settings/>
  <scenes>
    <scene>
      <name>Scene 1</name>
      <objectList>
        <object type="SingleSprite" name="Background">
          <lookList>
            <look name="Idle">
              <fileName>c628288ca42883344c8ce0171cd07105_c628288ca42883344c8ce0171cd07105_Face1 - calm.png</fileName>
            </look>
            <look name="Smile">
              <fileName>bd37a74a65a5eca90ea120cc98c144bb_bd37a74a65a5eca90ea120cc98c144bb_Face2 -laugh.png</fileName>
            </look>
          </lookList>
          <nfcTagList/>
          <scriptList>
            <script type="StartScript">
              <brickList>
                <brick type="PhiroRGBLightBrick">
                  <commentedOut>false</commentedOut>
                  <formulaList>
                    <formula category="PHIRO_LIGHT_RED">
                      <type>NUMBER</type>
                      <value>255</value>
                    </formula>
                    <formula category="PHIRO_LIGHT_GREEN">
                      <type>NUMBER</type>
                      <value>0</value>
                    </formula>
                    <formula category="PHIRO_LIGHT_BLUE">
                      <type>NUMBER</type>
                      <value>0</value>
                    </formula>
                  </formulaList>
                  <eye>BOTH</eye>
                </brick>
                <brick type="ChooseCameraBrick">
                  <commentedOut>false</commentedOut>
                  <spinnerSelectionID>1</spinnerSelectionID>
                </brick>
                <brick type="SetBackgroundBrick">
                  <commentedOut>false</commentedOut>
                  <look reference="../../../../../lookList/look"/>
                </brick>
                <brick type="SetSizeToBrick">
                  <commentedOut>false</commentedOut>
                  <formulaList>
                    <formula category="SIZE">
                      <type>NUMBER</type>
                      <value>200</value>
                    </formula>
                  </formulaList>
                </brick>
                <brick type="PlaceAtBrick">
                  <commentedOut>false</commentedOut>
                  <formulaList>
                    <formula category="Y_POSITION">
                      <type>NUMBER</type>
                      <value>0</value>
                    </formula>
                    <formula category="X_POSITION">
                      <type>NUMBER</type>
                      <value>0</value>
                    </formula>
                  </formulaList>
                </brick>
                <brick type="ForeverBrick">
                  <commentedOut>false</commentedOut>
                </brick>
                <brick type="IfLogicBeginBrick">
                  <commentedOut>false</commentedOut>
                  <formulaList>
                    <formula category="IF_CONDITION">
                      <type>SENSOR</type>
                      <value>FACE_DETECTED</value>
                    </formula>
                  </formulaList>
                </brick>
                <brick type="PhiroRGBLightBrick">
                  <commentedOut>false</commentedOut>
                  <formulaList>
                    <formula category="PHIRO_LIGHT_RED">
                      <type>NUMBER</type>
                      <value>0</value>
                    </formula>
                    <formula category="PHIRO_LIGHT_GREEN">
                      <type>NUMBER</type>
                      <value>255</value>
                    </formula>
                    <formula category="PHIRO_LIGHT_BLUE">
                      <type>NUMBER</type>
                      <value>0</value>
                    </formula>
                  </formulaList>
                  <eye>BOTH</eye>
                </brick>
                <brick type="SetBackgroundBrick">
                  <commentedOut>false</commentedOut>
                  <look reference="../../../../../lookList/look[2]"/>
                </brick>
                <brick type="PhiroMotorMoveForwardBrick">
                  <commentedOut>false</commentedOut>
                  <formulaList>
                    <formula category="PHIRO_SPEED">
                      <type>NUMBER</type>
                      <value>100</value>
                    </formula>
                  </formulaList>
                  <motor>MOTOR_BOTH</motor>
                </brick>
                <brick type="IfLogicElseBrick">
                  <commentedOut>false</commentedOut>
                </brick>
                <brick type="PhiroMotorStopBrick">
                  <commentedOut>false</commentedOut>
                  <motor>MOTOR_BOTH</motor>
                </brick>
                <brick type="SetBackgroundBrick">
                  <commentedOut>false</commentedOut>
                  <look reference="../../../../../lookList/look"/>
                </brick>
                <brick type="PhiroRGBLightBrick">
                  <commentedOut>false</commentedOut>
                  <formulaList>
                    <formula category="PHIRO_LIGHT_RED">
                      <type>NUMBER</type>
                      <value>255</value>
                    </formula>
                    <formula category="PHIRO_LIGHT_GREEN">
                      <type>NUMBER</type>
                      <value>0</value>
                    </formula>
                    <formula category="PHIRO_LIGHT_BLUE">
                      <type>NUMBER</type>
                      <value>0</value>
                    </formula>
                  </formulaList>
                  <eye>BOTH</eye>
                </brick>
                <brick type="IfLogicEndBrick">
                  <commentedOut>false</commentedOut>
                </brick>
                <brick type="LoopEndlessBrick">
                  <commentedOut>false</commentedOut>
                </brick>
              </brickList>
              <commentedOut>false</commentedOut>
              <isUserScript>false</isUserScript>
            </script>
          </scriptList>
          <soundList/>
          <userBricks/>
        </object>
      </objectList>
      <data>
        <objectListOfList>
          <entry>
            <object reference="../../../../objectList/object"/>
            <list/>
          </entry>
        </objectListOfList>
        <objectVariableList>
          <entry>
            <object reference="../../../../objectList/object"/>
            <list/>
          </entry>
        </objectVariableList>
        <userBrickVariableList/>
      </data>
      <originalWidth>1920</originalWidth>
      <originalHeight>1080</originalHeight>
    </scene>
  </scenes>
  <programVariableList/>
  <programListOfLists/>
</program>