<?xml version="1.0" encoding="UTF-8" standalone="yes" ?>
<program>
  <header>
    <applicationBuildName></applicationBuildName>
    <applicationBuildNumber>0</applicationBuildNumber>
    <applicationName>Pocket Code</applicationName>
    <applicationVersion>0.9.21</applicationVersion>
    <catrobatLanguageVersion>0.993</catrobatLanguageVersion>
    <dateTimeUpload></dateTimeUpload>
    <description></description>
    <deviceName>GT-I9500</deviceName>
    <landscapeMode>false</landscapeMode>
    <mediaLicense></mediaLicense>
    <platform>Android</platform>
    <platformVersion>21.0</platformVersion>
    <programLicense></programLicense>
    <programName>phiro draw sequential mode</programName>
    <remixOf></remixOf>
    <scenesEnabled>true</scenesEnabled>
    <screenHeight>1920</screenHeight>
    <screenMode>STRETCH</screenMode>
    <screenWidth>1080</screenWidth>
    <tags></tags>
    <url></url>
    <userHandle></userHandle>
  </header>
  <settings/>
  <scenes>
    <scene>
      <name>Scene 1</name>
      <objectList>
        <object type="SingleSprite" name="Background">
          <lookList>
            <look name="BG WAIT 1S">
              <fileName>d301ff67992e23a4486471d7549926b4_BG WAIT 1S.png</fileName>
            </look>
            <look name="BG RIGHT">
              <fileName>a60649a0f35a5fbc3441cb9287447cb8_BG RIGHT.png</fileName>
            </look>
            <look name="BG PLAY">
              <fileName>8102561a8005b1ef3d5f1df28a3a3cf6_BG PLAY.png</fileName>
            </look>
            <look name="BG LEFT">
              <fileName>d58d9bcac0ef3dc1a630a80bcdfb617f_BG LEFT.png</fileName>
            </look>
            <look name="BG LED">
              <fileName>da238aac0bdf9bf6ee05664551af00f6_BG LED.png</fileName>
            </look>
            <look name="BG FORWARD">
              <fileName>8a92ce4784cbb91c9a0cbe040e2335d2_BG FORWARD.png</fileName>
            </look>
            <look name="BG DEFAULT">
              <fileName>151db53358d6b02de2ddfc42b1329ff9_BG DEFAULT.png</fileName>
            </look>
            <look name="BG CLEAR">
              <fileName>4c32bbad6b553d75336c8d3c313ec3b5_BG CLEAR.png</fileName>
            </look>
            <look name="BG BACKWARD">
              <fileName>a78fdc018ec54f814b1a88e75524577d_BG BACKWARD.png</fileName>
            </look>
            <look name="look">
              <fileName>95e29b20768ed5a05dbfe8cfd18cd340_look.png</fileName>
            </look>
          </lookList>
          <nfcTagList/>
          <scriptList>
            <script type="StartScript">
              <brickList>
                <brick type="SetLookBrick">
                  <commentedOut>false</commentedOut>
                  <look reference="../../../../../lookList/look[7]"/>
                </brick>
                <brick type="SetVariableBrick">
                  <commentedOut>false</commentedOut>
                  <formulaList>
                    <formula category="VARIABLE">
                      <type>NUMBER</type>
                      <value>0.8</value>
                    </formula>
                  </formulaList>
                  <userVariable>15 cm</userVariable>
                </brick>
                <brick type="SetVariableBrick">
                  <commentedOut>false</commentedOut>
                  <formulaList>
                    <formula category="VARIABLE">
                      <type>NUMBER</type>
                      <value>1.0</value>
                    </formula>
                  </formulaList>
                  <userVariable>counter</userVariable>
                </brick>
                <brick type="SetVariableBrick">
                  <commentedOut>false</commentedOut>
                  <formulaList>
                    <formula category="VARIABLE">
                      <type>NUMBER</type>
                      <value>1</value>
                    </formula>
                  </formulaList>
                  <userVariable>clear on</userVariable>
                </brick>
                <brick type="SetVariableBrick">
                  <commentedOut>false</commentedOut>
                  <formulaList>
                    <formula category="VARIABLE">
                      <type>NUMBER</type>
                      <value>1</value>
                    </formula>
                  </formulaList>
                  <userVariable>led</userVariable>
                </brick>
                <brick type="SetVariableBrick">
                  <commentedOut>false</commentedOut>
                  <formulaList>
                    <formula category="VARIABLE">
                      <type>NUMBER</type>
                      <value>0</value>
                    </formula>
                  </formulaList>
                  <userVariable>number</userVariable>
                </brick>
                <brick type="SetVariableBrick">
                  <commentedOut>false</commentedOut>
                  <formulaList>
                    <formula category="VARIABLE">
                      <type>NUMBER</type>
                      <value>0</value>
                    </formula>
                  </formulaList>
                  <userVariable>mod</userVariable>
                </brick>
                <brick type="SetVariableBrick">
                  <commentedOut>false</commentedOut>
                  <formulaList>
                    <formula category="VARIABLE">
                      <type>NUMBER</type>
                      <value>0</value>
                    </formula>
                  </formulaList>
                  <userVariable>i</userVariable>
                </brick>
                <brick type="SetVariableBrick">
                  <commentedOut>false</commentedOut>
                  <formulaList>
                    <formula category="VARIABLE">
                      <type>NUMBER</type>
                      <value>0</value>
                    </formula>
                  </formulaList>
                  <userVariable>temp</userVariable>
                </brick>
              </brickList>
              <commentedOut>false</commentedOut>
              <isUserScript>false</isUserScript>
            </script>
            <script type="BroadcastScript">
              <brickList>
                <brick type="SetLookBrick">
                  <commentedOut>false</commentedOut>
                  <look reference="../../../../../lookList/look[9]"/>
                </brick>
              </brickList>
              <commentedOut>false</commentedOut>
              <receivedMessage>backward</receivedMessage>
            </script>
            <script type="BroadcastScript">
              <brickList>
                <brick type="SetLookBrick">
                  <commentedOut>false</commentedOut>
                  <look reference="../../../../../lookList/look[7]"/>
                </brick>
              </brickList>
              <commentedOut>false</commentedOut>
              <receivedMessage>draw finish</receivedMessage>
            </script>
            <script type="BroadcastScript">
              <brickList>
                <brick type="SetLookBrick">
                  <commentedOut>false</commentedOut>
                  <look reference="../../../../../lookList/look[7]"/>
                </brick>
              </brickList>
              <commentedOut>false</commentedOut>
              <receivedMessage>default</receivedMessage>
            </script>
            <script type="BroadcastScript">
              <brickList>
                <brick type="SetLookBrick">
                  <commentedOut>false</commentedOut>
                  <look reference="../../../../../lookList/look[6]"/>
                </brick>
              </brickList>
              <commentedOut>false</commentedOut>
              <receivedMessage>forward</receivedMessage>
            </script>
            <script type="BroadcastScript">
              <brickList>
                <brick type="SetLookBrick">
                  <commentedOut>false</commentedOut>
                  <look reference="../../../../../lookList/look[4]"/>
                </brick>
              </brickList>
              <commentedOut>false</commentedOut>
              <receivedMessage>left turn</receivedMessage>
            </script>
            <script type="BroadcastScript">
              <brickList>
                <brick type="SetLookBrick">
                  <commentedOut>false</commentedOut>
                  <look reference="../../../../../lookList/look[8]"/>
                </brick>
              </brickList>
              <commentedOut>false</commentedOut>
              <receivedMessage>clear</receivedMessage>
            </script>
            <script type="BroadcastScript">
              <brickList>
                <brick type="SetLookBrick">
                  <commentedOut>false</commentedOut>
                  <look reference="../../../../../lookList/look"/>
                </brick>
              </brickList>
              <commentedOut>false</commentedOut>
              <receivedMessage>wait</receivedMessage>
            </script>
            <script type="BroadcastScript">
              <brickList>
                <brick type="SetLookBrick">
                  <commentedOut>false</commentedOut>
                  <look reference="../../../../../lookList/look[5]"/>
                </brick>
              </brickList>
              <commentedOut>false</commentedOut>
              <receivedMessage>led</receivedMessage>
            </script>
            <script type="BroadcastScript">
              <brickList>
                <brick type="SetLookBrick">
                  <commentedOut>false</commentedOut>
                  <look reference="../../../../../lookList/look[2]"/>
                </brick>
              </brickList>
              <commentedOut>false</commentedOut>
              <receivedMessage>right turn</receivedMessage>
            </script>
            <script type="BroadcastScript">
              <brickList>
                <brick type="SetLookBrick">
                  <commentedOut>false</commentedOut>
                  <look reference="../../../../../lookList/look[10]"/>
                </brick>
              </brickList>
              <commentedOut>false</commentedOut>
              <receivedMessage>draw</receivedMessage>
            </script>
          </scriptList>
          <soundList/>
          <userBricks/>
        </object>
        <object type="SingleSprite" name="play">
          <lookList>
            <look name="play">
              <fileName>8f05493afd69db3989d6e98e5dfeca67_play.png</fileName>
            </look>
            <look name="look">
              <fileName>f1c371b9ad202d8398272d47fbe03ade_play.png</fileName>
            </look>
          </lookList>
          <nfcTagList/>
          <scriptList>
            <script type="StartScript">
              <brickList>
                <brick type="ClearBackgroundBrick">
                  <commentedOut>false</commentedOut>
                </brick>
                <brick type="PenUpBrick">
                  <commentedOut>false</commentedOut>
                </brick>
                <brick type="SetLookBrick">
                  <commentedOut>false</commentedOut>
                  <look reference="../../../../../lookList/look"/>
                </brick>
                <brick type="SetSizeToBrick">
                  <commentedOut>false</commentedOut>
                  <formulaList>
                    <formula category="SIZE">
                      <type>NUMBER</type>
                      <value>80</value>
                    </formula>
                  </formulaList>
                </brick>
                <brick type="PlaceAtBrick">
                  <commentedOut>false</commentedOut>
                  <formulaList>
                    <formula category="Y_POSITION">
                      <type>NUMBER</type>
                      <value>0</value>
                    </formula>
                    <formula category="X_POSITION">
                      <type>NUMBER</type>
                      <value>0</value>
                    </formula>
                  </formulaList>
                </brick>
                <brick type="PointInDirectionBrick">
                  <commentedOut>false</commentedOut>
                  <formulaList>
                    <formula category="DEGREES">
                      <type>NUMBER</type>
                      <value>90</value>
                    </formula>
                  </formulaList>
                </brick>
              </brickList>
              <commentedOut>false</commentedOut>
              <isUserScript>false</isUserScript>
            </script>
            <script type="WhenScript">
              <brickList>
                <brick type="SetLookBrick">
                  <commentedOut>false</commentedOut>
                  <look reference="../../../../../lookList/look[2]"/>
                </brick>
                <brick type="SetSizeToBrick">
                  <commentedOut>false</commentedOut>
                  <formulaList>
                    <formula category="SIZE">
                      <type>NUMBER</type>
                      <value>50</value>
                    </formula>
                  </formulaList>
                </brick>
                <brick type="PointInDirectionBrick">
                  <commentedOut>false</commentedOut>
                  <formulaList>
                    <formula category="DEGREES">
                      <type>NUMBER</type>
                      <value>0</value>
                    </formula>
                  </formulaList>
                </brick>
                <brick type="BroadcastBrick">
                  <commentedOut>false</commentedOut>
                  <broadcastMessage>draw</broadcastMessage>
                </brick>
                <brick type="PenDownBrick">
                  <commentedOut>false</commentedOut>
                </brick>
                <brick type="SetVariableBrick">
                  <commentedOut>false</commentedOut>
                  <formulaList>
                    <formula category="VARIABLE">
                      <type>USER_VARIABLE</type>
                      <value>temp</value>
                    </formula>
                  </formulaList>
                  <userVariable reference="../../../../../../object/scriptList/script/brickList/brick[6]/userVariable"/>
                </brick>
                <brick type="IfLogicBeginBrick">
                  <commentedOut>false</commentedOut>
                  <formulaList>
                    <formula category="IF_CONDITION">
                      <leftChild>
                        <type>USER_VARIABLE</type>
                        <value>clear on</value>
                      </leftChild>
                      <rightChild>
                        <type>NUMBER</type>
                        <value>1</value>
                      </rightChild>
                      <type>OPERATOR</type>
                      <value>EQUAL</value>
                    </formula>
                  </formulaList>
                </brick>
                <brick type="RepeatBrick">
                  <commentedOut>false</commentedOut>
                  <formulaList>
                    <formula category="TIMES_TO_REPEAT">
                      <type>USER_VARIABLE</type>
                      <value>i</value>
                    </formula>
                  </formulaList>
                </brick>
                <brick type="SetVariableBrick">
                  <commentedOut>false</commentedOut>
                  <formulaList>
                    <formula category="VARIABLE">
                      <leftChild>
                        <type>USER_VARIABLE</type>
                        <value>number</value>
                      </leftChild>
                      <rightChild>
                        <type>NUMBER</type>
                        <value>10</value>
                      </rightChild>
                      <type>FUNCTION</type>
                      <value>MOD</value>
                    </formula>
                  </formulaList>
                  <userVariable reference="../../../../../../object/scriptList/script/brickList/brick[7]/userVariable"/>
                </brick>
                <brick type="SetVariableBrick">
                  <commentedOut>false</commentedOut>
                  <formulaList>
                    <formula category="VARIABLE">
                      <leftChild>
                        <rightChild>
                          <leftChild>
                            <type>USER_VARIABLE</type>
                            <value>number</value>
                          </leftChild>
                          <rightChild>
                            <type>USER_VARIABLE</type>
                            <value>mod</value>
                          </rightChild>
                          <type>OPERATOR</type>
                          <value>MINUS</value>
                        </rightChild>
                        <type>BRACKET</type>
                      </leftChild>
                      <rightChild>
                        <type>NUMBER</type>
                        <value>10</value>
                      </rightChild>
                      <type>OPERATOR</type>
                      <value>DIVIDE</value>
                    </formula>
                  </formulaList>
                  <userVariable reference="../../../../../../object/scriptList/script/brickList/brick[6]/userVariable"/>
                </brick>
                <brick type="IfLogicBeginBrick">
                  <commentedOut>false</commentedOut>
                  <formulaList>
                    <formula category="IF_CONDITION">
                      <leftChild>
                        <type>USER_VARIABLE</type>
                        <value>mod</value>
                      </leftChild>
                      <rightChild>
                        <type>NUMBER</type>
                        <value>1</value>
                      </rightChild>
                      <type>OPERATOR</type>
                      <value>EQUAL</value>
                    </formula>
                  </formulaList>
                </brick>
                <brick type="PhiroMotorMoveForwardBrick">
                  <commentedOut>false</commentedOut>
                  <formulaList>
                    <formula category="PHIRO_SPEED">
                      <type>NUMBER</type>
                      <value>100</value>
                    </formula>
                  </formulaList>
                  <motor>MOTOR_BOTH</motor>
                </brick>
                <brick type="MoveNStepsBrick">
                  <commentedOut>false</commentedOut>
                  <formulaList>
                    <formula category="STEPS">
                      <type>NUMBER</type>
                      <value>300</value>
                    </formula>
                  </formulaList>
                </brick>
                <brick type="WaitBrick">
                  <commentedOut>false</commentedOut>
                  <formulaList>
                    <formula category="TIME_TO_WAIT_IN_SECONDS">
                      <type>USER_VARIABLE</type>
                      <value>15 cm</value>
                    </formula>
                  </formulaList>
                </brick>
                <brick type="PhiroMotorStopBrick">
                  <commentedOut>false</commentedOut>
                  <motor>MOTOR_BOTH</motor>
                </brick>
                <brick type="IfLogicElseBrick">
                  <commentedOut>false</commentedOut>
                </brick>
                <brick type="IfLogicBeginBrick">
                  <commentedOut>false</commentedOut>
                  <formulaList>
                    <formula category="IF_CONDITION">
                      <leftChild>
                        <type>USER_VARIABLE</type>
                        <value>mod</value>
                      </leftChild>
                      <rightChild>
                        <type>NUMBER</type>
                        <value>2</value>
                      </rightChild>
                      <type>OPERATOR</type>
                      <value>EQUAL</value>
                    </formula>
                  </formulaList>
                </brick>
                <brick type="PhiroMotorMoveForwardBrick">
                  <commentedOut>false</commentedOut>
                  <formulaList>
                    <formula category="PHIRO_SPEED">
                      <type>NUMBER</type>
                      <value>100</value>
                    </formula>
                  </formulaList>
                  <motor>MOTOR_LEFT</motor>
                </brick>
                <brick type="PhiroMotorMoveBackwardBrick">
                  <commentedOut>false</commentedOut>
                  <formulaList>
                    <formula category="PHIRO_SPEED">
                      <type>NUMBER</type>
                      <value>100</value>
                    </formula>
                  </formulaList>
                  <motor>MOTOR_RIGHT</motor>
                </brick>
                <brick type="TurnRightBrick">
                  <commentedOut>false</commentedOut>
                  <formulaList>
                    <formula category="TURN_RIGHT_DEGREES">
                      <type>NUMBER</type>
                      <value>90</value>
                    </formula>
                  </formulaList>
                </brick>
                <brick type="WaitBrick">
                  <commentedOut>false</commentedOut>
                  <formulaList>
                    <formula category="TIME_TO_WAIT_IN_SECONDS">
                      <type>USER_VARIABLE</type>
                      <value>15 cm</value>
                    </formula>
                  </formulaList>
                </brick>
                <brick type="PhiroMotorStopBrick">
                  <commentedOut>false</commentedOut>
                  <motor>MOTOR_BOTH</motor>
                </brick>
                <brick type="IfLogicElseBrick">
                  <commentedOut>false</commentedOut>
                </brick>
                <brick type="IfLogicBeginBrick">
                  <commentedOut>false</commentedOut>
                  <formulaList>
                    <formula category="IF_CONDITION">
                      <leftChild>
                        <type>USER_VARIABLE</type>
                        <value>mod</value>
                      </leftChild>
                      <rightChild>
                        <type>NUMBER</type>
                        <value>3</value>
                      </rightChild>
                      <type>OPERATOR</type>
                      <value>EQUAL</value>
                    </formula>
                  </formulaList>
                </brick>
                <brick type="PhiroMotorMoveBackwardBrick">
                  <commentedOut>false</commentedOut>
                  <formulaList>
                    <formula category="PHIRO_SPEED">
                      <type>NUMBER</type>
                      <value>100</value>
                    </formula>
                  </formulaList>
                  <motor>MOTOR_BOTH</motor>
                </brick>
                <brick type="MoveNStepsBrick">
                  <commentedOut>false</commentedOut>
                  <formulaList>
                    <formula category="STEPS">
                      <rightChild>
                        <type>NUMBER</type>
                        <value>300</value>
                      </rightChild>
                      <type>OPERATOR</type>
                      <value>MINUS</value>
                    </formula>
                  </formulaList>
                </brick>
                <brick type="WaitBrick">
                  <commentedOut>false</commentedOut>
                  <formulaList>
                    <formula category="TIME_TO_WAIT_IN_SECONDS">
                      <type>USER_VARIABLE</type>
                      <value>15 cm</value>
                    </formula>
                  </formulaList>
                </brick>
                <brick type="PhiroMotorStopBrick">
                  <commentedOut>false</commentedOut>
                  <motor>MOTOR_BOTH</motor>
                </brick>
                <brick type="IfLogicElseBrick">
                  <commentedOut>false</commentedOut>
                </brick>
                <brick type="IfLogicBeginBrick">
                  <commentedOut>false</commentedOut>
                  <formulaList>
                    <formula category="IF_CONDITION">
                      <leftChild>
                        <type>USER_VARIABLE</type>
                        <value>mod</value>
                      </leftChild>
                      <rightChild>
                        <type>NUMBER</type>
                        <value>4</value>
                      </rightChild>
                      <type>OPERATOR</type>
                      <value>EQUAL</value>
                    </formula>
                  </formulaList>
                </brick>
                <brick type="TurnLeftBrick">
                  <commentedOut>false</commentedOut>
                  <formulaList>
                    <formula category="TURN_LEFT_DEGREES">
                      <type>NUMBER</type>
                      <value>90</value>
                    </formula>
                  </formulaList>
                </brick>
                <brick type="PhiroMotorMoveForwardBrick">
                  <commentedOut>false</commentedOut>
                  <formulaList>
                    <formula category="PHIRO_SPEED">
                      <type>NUMBER</type>
                      <value>100</value>
                    </formula>
                  </formulaList>
                  <motor>MOTOR_RIGHT</motor>
                </brick>
                <brick type="PhiroMotorMoveBackwardBrick">
                  <commentedOut>false</commentedOut>
                  <formulaList>
                    <formula category="PHIRO_SPEED">
                      <type>NUMBER</type>
                      <value>100</value>
                    </formula>
                  </formulaList>
                  <motor>MOTOR_LEFT</motor>
                </brick>
                <brick type="WaitBrick">
                  <commentedOut>false</commentedOut>
                  <formulaList>
                    <formula category="TIME_TO_WAIT_IN_SECONDS">
                      <type>USER_VARIABLE</type>
                      <value>15 cm</value>
                    </formula>
                  </formulaList>
                </brick>
                <brick type="PhiroMotorStopBrick">
                  <commentedOut>false</commentedOut>
                  <motor>MOTOR_BOTH</motor>
                </brick>
                <brick type="IfLogicElseBrick">
                  <commentedOut>false</commentedOut>
                </brick>
                <brick type="IfLogicBeginBrick">
                  <commentedOut>false</commentedOut>
                  <formulaList>
                    <formula category="IF_CONDITION">
                      <leftChild>
                        <type>USER_VARIABLE</type>
                        <value>mod</value>
                      </leftChild>
                      <rightChild>
                        <type>NUMBER</type>
                        <value>5</value>
                      </rightChild>
                      <type>OPERATOR</type>
                      <value>EQUAL</value>
                    </formula>
                  </formulaList>
                </brick>
                <brick type="WaitBrick">
                  <commentedOut>false</commentedOut>
                  <formulaList>
                    <formula category="TIME_TO_WAIT_IN_SECONDS">
                      <type>NUMBER</type>
                      <value>1</value>
                    </formula>
                  </formulaList>
                </brick>
                <brick type="IfLogicElseBrick">
                  <commentedOut>false</commentedOut>
                </brick>
                <brick type="IfLogicEndBrick">
                  <commentedOut>false</commentedOut>
                </brick>
                <brick type="IfLogicEndBrick">
                  <commentedOut>false</commentedOut>
                </brick>
                <brick type="IfLogicEndBrick">
                  <commentedOut>false</commentedOut>
                </brick>
                <brick type="IfLogicEndBrick">
                  <commentedOut>false</commentedOut>
                </brick>
                <brick type="IfLogicEndBrick">
                  <commentedOut>false</commentedOut>
                </brick>
                <brick type="WaitBrick">
                  <commentedOut>false</commentedOut>
                  <formulaList>
                    <formula category="TIME_TO_WAIT_IN_SECONDS">
                      <type>NUMBER</type>
                      <value>0.5</value>
                    </formula>
                  </formulaList>
                </brick>
                <brick type="LoopEndBrick">
                  <commentedOut>false</commentedOut>
                </brick>
                <brick type="IfLogicElseBrick">
                  <commentedOut>false</commentedOut>
                </brick>
                <brick type="IfLogicEndBrick">
                  <commentedOut>false</commentedOut>
                </brick>
                <brick type="WaitBrick">
                  <commentedOut>false</commentedOut>
                  <formulaList>
                    <formula category="TIME_TO_WAIT_IN_SECONDS">
                      <type>NUMBER</type>
                      <value>1</value>
                    </formula>
                  </formulaList>
                </brick>
                <brick type="SetVariableBrick">
                  <commentedOut>false</commentedOut>
                  <formulaList>
                    <formula category="VARIABLE">
                      <type>USER_VARIABLE</type>
                      <value>temp</value>
                    </formula>
                  </formulaList>
                  <userVariable reference="../../../../../../object/scriptList/script/brickList/brick[6]/userVariable"/>
                </brick>
                <brick type="SetLookBrick">
                  <commentedOut>false</commentedOut>
                  <look reference="../../../../../lookList/look"/>
                </brick>
                <brick type="SetSizeToBrick">
                  <commentedOut>false</commentedOut>
                  <formulaList>
                    <formula category="SIZE">
                      <type>NUMBER</type>
                      <value>80</value>
                    </formula>
                  </formulaList>
                </brick>
                <brick type="PenUpBrick">
                  <commentedOut>false</commentedOut>
                </brick>
                <brick type="ClearBackgroundBrick">
                  <commentedOut>false</commentedOut>
                </brick>
                <brick type="PlaceAtBrick">
                  <commentedOut>false</commentedOut>
                  <formulaList>
                    <formula category="Y_POSITION">
                      <type>NUMBER</type>
                      <value>0</value>
                    </formula>
                    <formula category="X_POSITION">
                      <type>NUMBER</type>
                      <value>0</value>
                    </formula>
                  </formulaList>
                </brick>
                <brick type="PointInDirectionBrick">
                  <commentedOut>false</commentedOut>
                  <formulaList>
                    <formula category="DEGREES">
                      <type>NUMBER</type>
                      <value>90</value>
                    </formula>
                  </formulaList>
                </brick>
                <brick type="BroadcastBrick">
                  <commentedOut>false</commentedOut>
                  <broadcastMessage>default</broadcastMessage>
                </brick>
                <brick type="BroadcastBrick">
                  <commentedOut>false</commentedOut>
                  <broadcastMessage>draw finish</broadcastMessage>
                </brick>
              </brickList>
              <commentedOut>false</commentedOut>
              <action>Tapped</action>
            </script>
          </scriptList>
          <soundList/>
          <userBricks/>
        </object>
        <object type="SingleSprite" name="fw">
          <lookList>
            <look name="fw">
              <fileName>eafa3c470bd76c19c20790d85ad23e32_fw.png</fileName>
            </look>
          </lookList>
          <nfcTagList/>
          <scriptList>
            <script type="StartScript">
              <brickList>
                <brick type="SetSizeToBrick">
                  <commentedOut>false</commentedOut>
                  <formulaList>
                    <formula category="SIZE">
                      <type>NUMBER</type>
                      <value>100</value>
                    </formula>
                  </formulaList>
                </brick>
                <brick type="PlaceAtBrick">
                  <commentedOut>false</commentedOut>
                  <formulaList>
                    <formula category="Y_POSITION">
                      <type>NUMBER</type>
                      <value>250</value>
                    </formula>
                    <formula category="X_POSITION">
                      <type>NUMBER</type>
                      <value>0</value>
                    </formula>
                  </formulaList>
                </brick>
              </brickList>
              <commentedOut>false</commentedOut>
              <isUserScript>false</isUserScript>
            </script>
            <script type="WhenScript">
              <brickList>
                <brick type="PlaySoundBrick">
                  <commentedOut>false</commentedOut>
                  <sound>
                    <fileName>d1afc1f7ae929ae3571edb3e11b0d280_d1afc1f7ae929ae3571edb3e11b0d280_beep small.mp3</fileName>
                    <name>d1afc1f7ae929ae3571edb3e11b0d280_beep small</name>
                  </sound>
                </brick>
                <brick type="ChangeVariableBrick">
                  <commentedOut>false</commentedOut>
                  <formulaList>
                    <formula category="VARIABLE_CHANGE">
                      <type>NUMBER</type>
                      <value>1.0</value>
                    </formula>
                  </formulaList>
                  <userVariable reference="../../../../../../object/scriptList/script/brickList/brick[8]/userVariable"/>
                </brick>
                <brick type="SetVariableBrick">
                  <commentedOut>false</commentedOut>
                  <formulaList>
                    <formula category="VARIABLE">
                      <leftChild>
                        <rightChild>
                          <leftChild>
                            <type>USER_VARIABLE</type>
                            <value>counter</value>
                          </leftChild>
                          <rightChild>
                            <type>NUMBER</type>
                            <value>1</value>
                          </rightChild>
                          <type>OPERATOR</type>
                          <value>MULT</value>
                        </rightChild>
                        <type>BRACKET</type>
                        <value></value>
                      </leftChild>
                      <rightChild>
                        <type>USER_VARIABLE</type>
                        <value>number</value>
                      </rightChild>
                      <type>OPERATOR</type>
                      <value>PLUS</value>
                    </formula>
                  </formulaList>
                  <userVariable reference="../../../../../../object/scriptList/script/brickList/brick[6]/userVariable"/>
                </brick>
                <brick type="SetVariableBrick">
                  <commentedOut>false</commentedOut>
                  <formulaList>
                    <formula category="VARIABLE">
                      <type>USER_VARIABLE</type>
                      <value>number</value>
                    </formula>
                  </formulaList>
                  <userVariable reference="../../../../../../object/scriptList/script/brickList/brick[9]/userVariable"/>
                </brick>
                <brick type="SetVariableBrick">
                  <commentedOut>false</commentedOut>
                  <formulaList>
                    <formula category="VARIABLE">
                      <leftChild>
                        <type>USER_VARIABLE</type>
                        <value>counter</value>
                      </leftChild>
                      <rightChild>
                        <type>NUMBER</type>
                        <value>10</value>
                      </rightChild>
                      <type>OPERATOR</type>
                      <value>MULT</value>
                    </formula>
                  </formulaList>
                  <userVariable reference="../../../../../../object/scriptList/script/brickList/brick[3]/userVariable"/>
                </brick>
                <brick type="BroadcastBrick">
                  <commentedOut>false</commentedOut>
                  <broadcastMessage>forward</broadcastMessage>
                </brick>
              </brickList>
              <commentedOut>false</commentedOut>
              <action>Tapped</action>
            </script>
            <script type="BroadcastScript">
              <brickList>
                <brick type="HideBrick">
                  <commentedOut>false</commentedOut>
                </brick>
              </brickList>
              <commentedOut>false</commentedOut>
              <receivedMessage>draw</receivedMessage>
            </script>
            <script type="BroadcastScript">
              <brickList>
                <brick type="ShowBrick">
                  <commentedOut>false</commentedOut>
                </brick>
              </brickList>
              <commentedOut>false</commentedOut>
              <receivedMessage>draw finish</receivedMessage>
            </script>
          </scriptList>
          <soundList>
            <sound reference="../../scriptList/script[2]/brickList/brick/sound"/>
          </soundList>
          <userBricks/>
        </object>
        <object type="SingleSprite" name="bw">
          <lookList>
            <look name="bw">
              <fileName>bd1774c7c8174d19789cc9ef65b7181c_fw.png</fileName>
            </look>
          </lookList>
          <nfcTagList/>
          <scriptList>
            <script type="StartScript">
              <brickList>
                <brick type="SetSizeToBrick">
                  <commentedOut>false</commentedOut>
                  <formulaList>
                    <formula category="SIZE">
                      <type>NUMBER</type>
                      <value>100</value>
                    </formula>
                  </formulaList>
                </brick>
                <brick type="PlaceAtBrick">
                  <commentedOut>false</commentedOut>
                  <formulaList>
                    <formula category="Y_POSITION">
                      <rightChild>
                        <type>NUMBER</type>
                        <value>250</value>
                      </rightChild>
                      <type>OPERATOR</type>
                      <value>MINUS</value>
                    </formula>
                    <formula category="X_POSITION">
                      <type>NUMBER</type>
                      <value>0</value>
                    </formula>
                  </formulaList>
                </brick>
              </brickList>
              <commentedOut>false</commentedOut>
              <isUserScript>false</isUserScript>
            </script>
            <script type="WhenScript">
              <brickList>
                <brick type="PlaySoundBrick">
                  <commentedOut>false</commentedOut>
                  <sound>
                    <fileName>d1afc1f7ae929ae3571edb3e11b0d280_d1afc1f7ae929ae3571edb3e11b0d280_beep small.mp3</fileName>
                    <name>d1afc1f7ae929ae3571edb3e11b0d280_beep small</name>
                  </sound>
                </brick>
                <brick type="ChangeVariableBrick">
                  <commentedOut>false</commentedOut>
                  <formulaList>
                    <formula category="VARIABLE_CHANGE">
                      <type>NUMBER</type>
                      <value>1.0</value>
                    </formula>
                  </formulaList>
                  <userVariable reference="../../../../../../object/scriptList/script/brickList/brick[8]/userVariable"/>
                </brick>
                <brick type="SetVariableBrick">
                  <commentedOut>false</commentedOut>
                  <formulaList>
                    <formula category="VARIABLE">
                      <leftChild>
                        <rightChild>
                          <leftChild>
                            <type>USER_VARIABLE</type>
                            <value>counter</value>
                          </leftChild>
                          <rightChild>
                            <type>NUMBER</type>
                            <value>3</value>
                          </rightChild>
                          <type>OPERATOR</type>
                          <value>MULT</value>
                        </rightChild>
                        <type>BRACKET</type>
                      </leftChild>
                      <rightChild>
                        <type>USER_VARIABLE</type>
                        <value>number</value>
                      </rightChild>
                      <type>OPERATOR</type>
                      <value>PLUS</value>
                    </formula>
                  </formulaList>
                  <userVariable reference="../../../../../../object/scriptList/script/brickList/brick[6]/userVariable"/>
                </brick>
                <brick type="SetVariableBrick">
                  <commentedOut>false</commentedOut>
                  <formulaList>
                    <formula category="VARIABLE">
                      <type>USER_VARIABLE</type>
                      <value>number</value>
                    </formula>
                  </formulaList>
                  <userVariable reference="../../../../../../object/scriptList/script/brickList/brick[9]/userVariable"/>
                </brick>
                <brick type="SetVariableBrick">
                  <commentedOut>false</commentedOut>
                  <formulaList>
                    <formula category="VARIABLE">
                      <leftChild>
                        <type>USER_VARIABLE</type>
                        <value>counter</value>
                      </leftChild>
                      <rightChild>
                        <type>NUMBER</type>
                        <value>10</value>
                      </rightChild>
                      <type>OPERATOR</type>
                      <value>MULT</value>
                    </formula>
                  </formulaList>
                  <userVariable reference="../../../../../../object/scriptList/script/brickList/brick[3]/userVariable"/>
                </brick>
                <brick type="BroadcastBrick">
                  <commentedOut>false</commentedOut>
                  <broadcastMessage>backward</broadcastMessage>
                </brick>
              </brickList>
              <commentedOut>false</commentedOut>
              <action>Tapped</action>
            </script>
            <script type="BroadcastScript">
              <brickList>
                <brick type="HideBrick">
                  <commentedOut>false</commentedOut>
                </brick>
              </brickList>
              <commentedOut>false</commentedOut>
              <receivedMessage>draw</receivedMessage>
            </script>
            <script type="BroadcastScript">
              <brickList>
                <brick type="ShowBrick">
                  <commentedOut>false</commentedOut>
                </brick>
              </brickList>
              <commentedOut>false</commentedOut>
              <receivedMessage>draw finish</receivedMessage>
            </script>
          </scriptList>
          <soundList>
            <sound reference="../../scriptList/script[2]/brickList/brick/sound"/>
          </soundList>
          <userBricks/>
        </object>
        <object type="SingleSprite" name="left">
          <lookList>
            <look name="left">
              <fileName>0c35f4312a452ccafc00d387169d33c6_left.png</fileName>
            </look>
          </lookList>
          <nfcTagList/>
          <scriptList>
            <script type="StartScript">
              <brickList>
                <brick type="SetSizeToBrick">
                  <commentedOut>false</commentedOut>
                  <formulaList>
                    <formula category="SIZE">
                      <type>NUMBER</type>
                      <value>100</value>
                    </formula>
                  </formulaList>
                </brick>
                <brick type="PlaceAtBrick">
                  <commentedOut>false</commentedOut>
                  <formulaList>
                    <formula category="Y_POSITION">
                      <type>NUMBER</type>
                      <value>0</value>
                    </formula>
                    <formula category="X_POSITION">
                      <rightChild>
                        <type>NUMBER</type>
                        <value>250</value>
                      </rightChild>
                      <type>OPERATOR</type>
                      <value>MINUS</value>
                    </formula>
                  </formulaList>
                </brick>
              </brickList>
              <commentedOut>false</commentedOut>
              <isUserScript>false</isUserScript>
            </script>
            <script type="WhenScript">
              <brickList>
                <brick type="PlaySoundBrick">
                  <commentedOut>false</commentedOut>
                  <sound>
                    <fileName>d1afc1f7ae929ae3571edb3e11b0d280_d1afc1f7ae929ae3571edb3e11b0d280_beep small.mp3</fileName>
                    <name>d1afc1f7ae929ae3571edb3e11b0d280_beep small</name>
                  </sound>
                </brick>
                <brick type="ChangeVariableBrick">
                  <commentedOut>false</commentedOut>
                  <formulaList>
                    <formula category="VARIABLE_CHANGE">
                      <type>NUMBER</type>
                      <value>1.0</value>
                    </formula>
                  </formulaList>
                  <userVariable reference="../../../../../../object/scriptList/script/brickList/brick[8]/userVariable"/>
                </brick>
                <brick type="SetVariableBrick">
                  <commentedOut>false</commentedOut>
                  <formulaList>
                    <formula category="VARIABLE">
                      <leftChild>
                        <rightChild>
                          <leftChild>
                            <type>USER_VARIABLE</type>
                            <value>counter</value>
                          </leftChild>
                          <rightChild>
                            <type>NUMBER</type>
                            <value>4</value>
                          </rightChild>
                          <type>OPERATOR</type>
                          <value>MULT</value>
                        </rightChild>
                        <type>BRACKET</type>
                      </leftChild>
                      <rightChild>
                        <type>USER_VARIABLE</type>
                        <value>number</value>
                      </rightChild>
                      <type>OPERATOR</type>
                      <value>PLUS</value>
                    </formula>
                  </formulaList>
                  <userVariable reference="../../../../../../object/scriptList/script/brickList/brick[6]/userVariable"/>
                </brick>
                <brick type="SetVariableBrick">
                  <commentedOut>false</commentedOut>
                  <formulaList>
                    <formula category="VARIABLE">
                      <type>USER_VARIABLE</type>
                      <value>number</value>
                    </formula>
                  </formulaList>
                  <userVariable reference="../../../../../../object/scriptList/script/brickList/brick[9]/userVariable"/>
                </brick>
                <brick type="SetVariableBrick">
                  <commentedOut>false</commentedOut>
                  <formulaList>
                    <formula category="VARIABLE">
                      <leftChild>
                        <type>USER_VARIABLE</type>
                        <value>counter</value>
                      </leftChild>
                      <rightChild>
                        <type>NUMBER</type>
                        <value>10</value>
                      </rightChild>
                      <type>OPERATOR</type>
                      <value>MULT</value>
                    </formula>
                  </formulaList>
                  <userVariable reference="../../../../../../object/scriptList/script/brickList/brick[3]/userVariable"/>
                </brick>
                <brick type="BroadcastBrick">
                  <commentedOut>false</commentedOut>
                  <broadcastMessage>left turn</broadcastMessage>
                </brick>
              </brickList>
              <commentedOut>false</commentedOut>
              <action>Tapped</action>
            </script>
            <script type="BroadcastScript">
              <brickList>
                <brick type="HideBrick">
                  <commentedOut>false</commentedOut>
                </brick>
              </brickList>
              <commentedOut>false</commentedOut>
              <receivedMessage>draw</receivedMessage>
            </script>
            <script type="BroadcastScript">
              <brickList>
                <brick type="ShowBrick">
                  <commentedOut>false</commentedOut>
                </brick>
              </brickList>
              <commentedOut>false</commentedOut>
              <receivedMessage>draw finish</receivedMessage>
            </script>
          </scriptList>
          <soundList>
            <sound reference="../../scriptList/script[2]/brickList/brick/sound"/>
          </soundList>
          <userBricks/>
        </object>
        <object type="SingleSprite" name="right">
          <lookList>
            <look name="right">
              <fileName>3372505b47adec030bcb8257d05cb84a_left.png</fileName>
            </look>
          </lookList>
          <nfcTagList/>
          <scriptList>
            <script type="StartScript">
              <brickList>
                <brick type="SetSizeToBrick">
                  <commentedOut>false</commentedOut>
                  <formulaList>
                    <formula category="SIZE">
                      <type>NUMBER</type>
                      <value>100</value>
                    </formula>
                  </formulaList>
                </brick>
                <brick type="PlaceAtBrick">
                  <commentedOut>false</commentedOut>
                  <formulaList>
                    <formula category="Y_POSITION">
                      <type>NUMBER</type>
                      <value>0</value>
                    </formula>
                    <formula category="X_POSITION">
                      <type>NUMBER</type>
                      <value>250</value>
                    </formula>
                  </formulaList>
                </brick>
              </brickList>
              <commentedOut>false</commentedOut>
              <isUserScript>false</isUserScript>
            </script>
            <script type="WhenScript">
              <brickList>
                <brick type="PlaySoundBrick">
                  <commentedOut>false</commentedOut>
                  <sound>
                    <fileName>d1afc1f7ae929ae3571edb3e11b0d280_d1afc1f7ae929ae3571edb3e11b0d280_beep small.mp3</fileName>
                    <name>d1afc1f7ae929ae3571edb3e11b0d280_beep small</name>
                  </sound>
                </brick>
                <brick type="ChangeVariableBrick">
                  <commentedOut>false</commentedOut>
                  <formulaList>
                    <formula category="VARIABLE_CHANGE">
                      <type>NUMBER</type>
                      <value>1.0</value>
                    </formula>
                  </formulaList>
                  <userVariable reference="../../../../../../object/scriptList/script/brickList/brick[8]/userVariable"/>
                </brick>
                <brick type="SetVariableBrick">
                  <commentedOut>false</commentedOut>
                  <formulaList>
                    <formula category="VARIABLE">
                      <leftChild>
                        <rightChild>
                          <leftChild>
                            <type>USER_VARIABLE</type>
                            <value>counter</value>
                          </leftChild>
                          <rightChild>
                            <type>NUMBER</type>
                            <value>2</value>
                          </rightChild>
                          <type>OPERATOR</type>
                          <value>MULT</value>
                        </rightChild>
                        <type>BRACKET</type>
                      </leftChild>
                      <rightChild>
                        <type>USER_VARIABLE</type>
                        <value>number</value>
                      </rightChild>
                      <type>OPERATOR</type>
                      <value>PLUS</value>
                    </formula>
                  </formulaList>
                  <userVariable reference="../../../../../../object/scriptList/script/brickList/brick[6]/userVariable"/>
                </brick>
                <brick type="SetVariableBrick">
                  <commentedOut>false</commentedOut>
                  <formulaList>
                    <formula category="VARIABLE">
                      <type>USER_VARIABLE</type>
                      <value>number</value>
                    </formula>
                  </formulaList>
                  <userVariable reference="../../../../../../object/scriptList/script/brickList/brick[9]/userVariable"/>
                </brick>
                <brick type="SetVariableBrick">
                  <commentedOut>false</commentedOut>
                  <formulaList>
                    <formula category="VARIABLE">
                      <leftChild>
                        <type>USER_VARIABLE</type>
                        <value>counter</value>
                      </leftChild>
                      <rightChild>
                        <type>NUMBER</type>
                        <value>10</value>
                      </rightChild>
                      <type>OPERATOR</type>
                      <value>MULT</value>
                    </formula>
                  </formulaList>
                  <userVariable reference="../../../../../../object/scriptList/script/brickList/brick[3]/userVariable"/>
                </brick>
                <brick type="BroadcastBrick">
                  <commentedOut>false</commentedOut>
                  <broadcastMessage>right turn</broadcastMessage>
                </brick>
              </brickList>
              <commentedOut>false</commentedOut>
              <action>Tapped</action>
            </script>
            <script type="BroadcastScript">
              <brickList>
                <brick type="HideBrick">
                  <commentedOut>false</commentedOut>
                </brick>
              </brickList>
              <commentedOut>false</commentedOut>
              <receivedMessage>draw</receivedMessage>
            </script>
            <script type="BroadcastScript">
              <brickList>
                <brick type="ShowBrick">
                  <commentedOut>false</commentedOut>
                </brick>
              </brickList>
              <commentedOut>false</commentedOut>
              <receivedMessage>draw finish</receivedMessage>
            </script>
          </scriptList>
          <soundList>
            <sound reference="../../scriptList/script[2]/brickList/brick/sound"/>
          </soundList>
          <userBricks/>
        </object>
        <object type="SingleSprite" name="wait">
          <lookList>
            <look name="wait">
              <fileName>b1e25899eb6eb823c8adb8b962c36f0f_wait.png</fileName>
            </look>
          </lookList>
          <nfcTagList/>
          <scriptList>
            <script type="StartScript">
              <brickList>
                <brick type="SetSizeToBrick">
                  <commentedOut>false</commentedOut>
                  <formulaList>
                    <formula category="SIZE">
                      <type>NUMBER</type>
                      <value>80</value>
                    </formula>
                  </formulaList>
                </brick>
                <brick type="PlaceAtBrick">
                  <commentedOut>false</commentedOut>
                  <formulaList>
                    <formula category="Y_POSITION">
                      <rightChild>
                        <type>NUMBER</type>
                        <value>250</value>
                      </rightChild>
                      <type>OPERATOR</type>
                      <value>MINUS</value>
                    </formula>
                    <formula category="X_POSITION">
                      <type>NUMBER</type>
                      <value>250</value>
                    </formula>
                  </formulaList>
                </brick>
              </brickList>
              <commentedOut>false</commentedOut>
              <isUserScript>false</isUserScript>
            </script>
            <script type="WhenScript">
              <brickList>
                <brick type="PlaySoundBrick">
                  <commentedOut>false</commentedOut>
                  <sound>
                    <fileName>d1afc1f7ae929ae3571edb3e11b0d280_d1afc1f7ae929ae3571edb3e11b0d280_beep small.mp3</fileName>
                    <name>d1afc1f7ae929ae3571edb3e11b0d280_beep small</name>
                  </sound>
                </brick>
                <brick type="ChangeVariableBrick">
                  <commentedOut>false</commentedOut>
                  <formulaList>
                    <formula category="VARIABLE_CHANGE">
                      <type>NUMBER</type>
                      <value>1.0</value>
                    </formula>
                  </formulaList>
                  <userVariable reference="../../../../../../object/scriptList/script/brickList/brick[8]/userVariable"/>
                </brick>
                <brick type="SetVariableBrick">
                  <commentedOut>false</commentedOut>
                  <formulaList>
                    <formula category="VARIABLE">
                      <leftChild>
                        <rightChild>
                          <leftChild>
                            <type>USER_VARIABLE</type>
                            <value>counter</value>
                          </leftChild>
                          <rightChild>
                            <type>NUMBER</type>
                            <value>5</value>
                          </rightChild>
                          <type>OPERATOR</type>
                          <value>MULT</value>
                        </rightChild>
                        <type>BRACKET</type>
                      </leftChild>
                      <rightChild>
                        <type>USER_VARIABLE</type>
                        <value>number</value>
                      </rightChild>
                      <type>OPERATOR</type>
                      <value>PLUS</value>
                    </formula>
                  </formulaList>
                  <userVariable reference="../../../../../../object/scriptList/script/brickList/brick[6]/userVariable"/>
                </brick>
                <brick type="SetVariableBrick">
                  <commentedOut>false</commentedOut>
                  <formulaList>
                    <formula category="VARIABLE">
                      <type>USER_VARIABLE</type>
                      <value>number</value>
                    </formula>
                  </formulaList>
                  <userVariable reference="../../../../../../object/scriptList/script/brickList/brick[9]/userVariable"/>
                </brick>
                <brick type="SetVariableBrick">
                  <commentedOut>false</commentedOut>
                  <formulaList>
                    <formula category="VARIABLE">
                      <leftChild>
                        <type>USER_VARIABLE</type>
                        <value>counter</value>
                      </leftChild>
                      <rightChild>
                        <type>NUMBER</type>
                        <value>10</value>
                      </rightChild>
                      <type>OPERATOR</type>
                      <value>MULT</value>
                    </formula>
                  </formulaList>
                  <userVariable reference="../../../../../../object/scriptList/script/brickList/brick[3]/userVariable"/>
                </brick>
                <brick type="BroadcastBrick">
                  <commentedOut>false</commentedOut>
                  <broadcastMessage>wait</broadcastMessage>
                </brick>
              </brickList>
              <commentedOut>false</commentedOut>
              <action>Tapped</action>
            </script>
            <script type="BroadcastScript">
              <brickList>
                <brick type="HideBrick">
                  <commentedOut>false</commentedOut>
                </brick>
              </brickList>
              <commentedOut>false</commentedOut>
              <receivedMessage>draw</receivedMessage>
            </script>
            <script type="BroadcastScript">
              <brickList>
                <brick type="ShowBrick">
                  <commentedOut>false</commentedOut>
                </brick>
              </brickList>
              <commentedOut>false</commentedOut>
              <receivedMessage>draw finish</receivedMessage>
            </script>
          </scriptList>
          <soundList>
            <sound reference="../../scriptList/script[2]/brickList/brick/sound"/>
          </soundList>
          <userBricks/>
        </object>
        <object type="SingleSprite" name="clr">
          <lookList>
            <look name="clr">
              <fileName>0a9d8b74bcf6ceb2ac88eb0a09c8dca1_clr.png</fileName>
            </look>
          </lookList>
          <nfcTagList/>
          <scriptList>
            <script type="StartScript">
              <brickList>
                <brick type="SetSizeToBrick">
                  <commentedOut>false</commentedOut>
                  <formulaList>
                    <formula category="SIZE">
                      <type>NUMBER</type>
                      <value>80</value>
                    </formula>
                  </formulaList>
                </brick>
                <brick type="PlaceAtBrick">
                  <commentedOut>false</commentedOut>
                  <formulaList>
                    <formula category="Y_POSITION">
                      <type>NUMBER</type>
                      <value>250</value>
                    </formula>
                    <formula category="X_POSITION">
                      <rightChild>
                        <type>NUMBER</type>
                        <value>250</value>
                      </rightChild>
                      <type>OPERATOR</type>
                      <value>MINUS</value>
                    </formula>
                  </formulaList>
                </brick>
              </brickList>
              <commentedOut>false</commentedOut>
              <isUserScript>false</isUserScript>
            </script>
            <script type="WhenScript">
              <brickList>
                <brick type="PlaySoundBrick">
                  <commentedOut>false</commentedOut>
                  <sound>
                    <fileName>d1afc1f7ae929ae3571edb3e11b0d280_d1afc1f7ae929ae3571edb3e11b0d280_beep small.mp3</fileName>
                    <name>d1afc1f7ae929ae3571edb3e11b0d280_beep small</name>
                  </sound>
                </brick>
                <brick type="BroadcastBrick">
                  <commentedOut>false</commentedOut>
                  <broadcastMessage>clear</broadcastMessage>
                </brick>
                <brick type="SetVariableBrick">
                  <commentedOut>false</commentedOut>
                  <formulaList>
                    <formula category="VARIABLE">
                      <type>NUMBER</type>
                      <value>1</value>
                    </formula>
                  </formulaList>
                  <userVariable reference="../../../../../../object/scriptList/script/brickList/brick[3]/userVariable"/>
                </brick>
                <brick type="SetVariableBrick">
                  <commentedOut>false</commentedOut>
                  <formulaList>
                    <formula category="VARIABLE">
                      <type>NUMBER</type>
                      <value>0</value>
                    </formula>
                  </formulaList>
                  <userVariable reference="../../../../../../object/scriptList/script/brickList/brick[8]/userVariable"/>
                </brick>
                <brick type="SetVariableBrick">
                  <commentedOut>false</commentedOut>
                  <formulaList>
                    <formula category="VARIABLE">
                      <type>NUMBER</type>
                      <value>0</value>
                    </formula>
                  </formulaList>
                  <userVariable reference="../../../../../../object/scriptList/script/brickList/brick[6]/userVariable"/>
                </brick>
                <brick type="SetVariableBrick">
                  <commentedOut>false</commentedOut>
                  <formulaList>
                    <formula category="VARIABLE">
                      <type>NUMBER</type>
                      <value>1</value>
                    </formula>
                  </formulaList>
                  <userVariable reference="../../../../../../object/scriptList/script/brickList/brick[5]/userVariable"/>
                </brick>
                <brick type="SetVariableBrick">
                  <commentedOut>false</commentedOut>
                  <formulaList>
                    <formula category="VARIABLE">
                      <type>NUMBER</type>
                      <value>0</value>
                    </formula>
                  </formulaList>
                  <userVariable reference="../../../../../../object/scriptList/script/brickList/brick[7]/userVariable"/>
                </brick>
                <brick type="SetVariableBrick">
                  <commentedOut>false</commentedOut>
                  <formulaList>
                    <formula category="VARIABLE">
                      <type>NUMBER</type>
                      <value>0</value>
                    </formula>
                  </formulaList>
                  <userVariable reference="../../../../../../object/scriptList/script/brickList/brick[4]/userVariable"/>
                </brick>
                <brick type="WaitBrick">
                  <commentedOut>false</commentedOut>
                  <formulaList>
                    <formula category="TIME_TO_WAIT_IN_SECONDS">
                      <type>NUMBER</type>
                      <value>0.5</value>
                    </formula>
                  </formulaList>
                </brick>
                <brick type="SetVariableBrick">
                  <commentedOut>false</commentedOut>
                  <formulaList>
                    <formula category="VARIABLE">
                      <type>NUMBER</type>
                      <value>1</value>
                    </formula>
                  </formulaList>
                  <userVariable reference="../../../../../../object/scriptList/script/brickList/brick[4]/userVariable"/>
                </brick>
              </brickList>
              <commentedOut>false</commentedOut>
              <action>Tapped</action>
            </script>
            <script type="BroadcastScript">
              <brickList>
                <brick type="HideBrick">
                  <commentedOut>false</commentedOut>
                </brick>
              </brickList>
              <commentedOut>false</commentedOut>
              <receivedMessage>draw</receivedMessage>
            </script>
            <script type="BroadcastScript">
              <brickList>
                <brick type="ShowBrick">
                  <commentedOut>false</commentedOut>
                </brick>
              </brickList>
              <commentedOut>false</commentedOut>
              <receivedMessage>draw finish</receivedMessage>
            </script>
          </scriptList>
          <soundList>
            <sound reference="../../scriptList/script[2]/brickList/brick/sound"/>
          </soundList>
          <userBricks/>
        </object>
        <object type="SingleSprite" name="Light">
          <lookList>
            <look name="light">
              <fileName>3757050ae1ae2bef8f16107e168709ee_light.png</fileName>
            </look>
          </lookList>
          <nfcTagList/>
          <scriptList>
            <script type="StartScript">
              <brickList>
                <brick type="SetVariableBrick">
                  <commentedOut>false</commentedOut>
                  <formulaList>
                    <formula category="VARIABLE">
                      <type>NUMBER</type>
                      <value>1</value>
                    </formula>
                  </formulaList>
                  <userVariable reference="../../../../../../object/scriptList/script/brickList/brick[5]/userVariable"/>
                </brick>
                <brick type="SetSizeToBrick">
                  <commentedOut>false</commentedOut>
                  <formulaList>
                    <formula category="SIZE">
                      <type>NUMBER</type>
                      <value>80</value>
                    </formula>
                  </formulaList>
                </brick>
                <brick type="PlaceAtBrick">
                  <commentedOut>false</commentedOut>
                  <formulaList>
                    <formula category="Y_POSITION">
                      <rightChild>
                        <type>NUMBER</type>
                        <value>250</value>
                      </rightChild>
                      <type>OPERATOR</type>
                      <value>MINUS</value>
                    </formula>
                    <formula category="X_POSITION">
                      <rightChild>
                        <type>NUMBER</type>
                        <value>250</value>
                      </rightChild>
                      <type>OPERATOR</type>
                      <value>MINUS</value>
                    </formula>
                  </formulaList>
                </brick>
              </brickList>
              <commentedOut>false</commentedOut>
              <isUserScript>false</isUserScript>
            </script>
            <script type="WhenScript">
              <brickList>
                <brick type="PlaySoundBrick">
                  <commentedOut>false</commentedOut>
                  <sound>
                    <fileName>d1afc1f7ae929ae3571edb3e11b0d280_d1afc1f7ae929ae3571edb3e11b0d280_beep small.mp3</fileName>
                    <name>d1afc1f7ae929ae3571edb3e11b0d280_beep small</name>
                  </sound>
                </brick>
                <brick type="BroadcastBrick">
                  <commentedOut>false</commentedOut>
                  <broadcastMessage>led</broadcastMessage>
                </brick>
              </brickList>
              <commentedOut>false</commentedOut>
              <action>Tapped</action>
            </script>
            <script type="WhenScript">
              <brickList>
                <brick type="IfLogicBeginBrick">
                  <commentedOut>false</commentedOut>
                  <formulaList>
                    <formula category="IF_CONDITION">
                      <leftChild>
                        <type>USER_VARIABLE</type>
                        <value>led</value>
                      </leftChild>
                      <rightChild>
                        <type>NUMBER</type>
                        <value>1</value>
                      </rightChild>
                      <type>OPERATOR</type>
                      <value>EQUAL</value>
                    </formula>
                  </formulaList>
                </brick>
                <brick type="PhiroRGBLightBrick">
                  <commentedOut>false</commentedOut>
                  <formulaList>
                    <formula category="PHIRO_LIGHT_RED">
                      <type>NUMBER</type>
                      <value>255</value>
                    </formula>
                    <formula category="PHIRO_LIGHT_GREEN">
                      <type>NUMBER</type>
                      <value>0</value>
                    </formula>
                    <formula category="PHIRO_LIGHT_BLUE">
                      <type>NUMBER</type>
                      <value>0</value>
                    </formula>
                  </formulaList>
                  <eye>BOTH</eye>
                </brick>
                <brick type="SetVariableBrick">
                  <commentedOut>false</commentedOut>
                  <formulaList>
                    <formula category="VARIABLE">
                      <type>NUMBER</type>
                      <value>2</value>
                    </formula>
                  </formulaList>
                  <userVariable reference="../../../../../../object/scriptList/script/brickList/brick[5]/userVariable"/>
                </brick>
                <brick type="IfLogicElseBrick">
                  <commentedOut>false</commentedOut>
                </brick>
                <brick type="IfLogicBeginBrick">
                  <commentedOut>false</commentedOut>
                  <formulaList>
                    <formula category="IF_CONDITION">
                      <leftChild>
                        <type>USER_VARIABLE</type>
                        <value>led</value>
                      </leftChild>
                      <rightChild>
                        <type>NUMBER</type>
                        <value>2</value>
                      </rightChild>
                      <type>OPERATOR</type>
                      <value>EQUAL</value>
                    </formula>
                  </formulaList>
                </brick>
                <brick type="PhiroRGBLightBrick">
                  <commentedOut>false</commentedOut>
                  <formulaList>
                    <formula category="PHIRO_LIGHT_RED">
                      <type>NUMBER</type>
                      <value>0</value>
                    </formula>
                    <formula category="PHIRO_LIGHT_GREEN">
                      <type>NUMBER</type>
                      <value>255</value>
                    </formula>
                    <formula category="PHIRO_LIGHT_BLUE">
                      <type>NUMBER</type>
                      <value>0</value>
                    </formula>
                  </formulaList>
                  <eye>BOTH</eye>
                </brick>
                <brick type="SetVariableBrick">
                  <commentedOut>false</commentedOut>
                  <formulaList>
                    <formula category="VARIABLE">
                      <type>NUMBER</type>
                      <value>3</value>
                    </formula>
                  </formulaList>
                  <userVariable reference="../../../../../../object/scriptList/script/brickList/brick[5]/userVariable"/>
                </brick>
                <brick type="IfLogicElseBrick">
                  <commentedOut>false</commentedOut>
                </brick>
                <brick type="IfLogicBeginBrick">
                  <commentedOut>false</commentedOut>
                  <formulaList>
                    <formula category="IF_CONDITION">
                      <leftChild>
                        <type>USER_VARIABLE</type>
                        <value>led</value>
                      </leftChild>
                      <rightChild>
                        <type>NUMBER</type>
                        <value>3</value>
                      </rightChild>
                      <type>OPERATOR</type>
                      <value>EQUAL</value>
                    </formula>
                  </formulaList>
                </brick>
                <brick type="PhiroRGBLightBrick">
                  <commentedOut>false</commentedOut>
                  <formulaList>
                    <formula category="PHIRO_LIGHT_RED">
                      <type>NUMBER</type>
                      <value>0</value>
                    </formula>
                    <formula category="PHIRO_LIGHT_GREEN">
                      <type>NUMBER</type>
                      <value>0</value>
                    </formula>
                    <formula category="PHIRO_LIGHT_BLUE">
                      <type>NUMBER</type>
                      <value>255</value>
                    </formula>
                  </formulaList>
                  <eye>BOTH</eye>
                </brick>
                <brick type="SetVariableBrick">
                  <commentedOut>false</commentedOut>
                  <formulaList>
                    <formula category="VARIABLE">
                      <type>NUMBER</type>
                      <value>4</value>
                    </formula>
                  </formulaList>
                  <userVariable reference="../../../../../../object/scriptList/script/brickList/brick[5]/userVariable"/>
                </brick>
                <brick type="IfLogicElseBrick">
                  <commentedOut>false</commentedOut>
                </brick>
                <brick type="IfLogicBeginBrick">
                  <commentedOut>false</commentedOut>
                  <formulaList>
                    <formula category="IF_CONDITION">
                      <leftChild>
                        <type>USER_VARIABLE</type>
                        <value>led</value>
                      </leftChild>
                      <rightChild>
                        <type>NUMBER</type>
                        <value>4</value>
                      </rightChild>
                      <type>OPERATOR</type>
                      <value>EQUAL</value>
                    </formula>
                  </formulaList>
                </brick>
                <brick type="PhiroRGBLightBrick">
                  <commentedOut>false</commentedOut>
                  <formulaList>
                    <formula category="PHIRO_LIGHT_RED">
                      <type>NUMBER</type>
                      <value>0</value>
                    </formula>
                    <formula category="PHIRO_LIGHT_GREEN">
                      <type>NUMBER</type>
                      <value>255</value>
                    </formula>
                    <formula category="PHIRO_LIGHT_BLUE">
                      <type>NUMBER</type>
                      <value>255</value>
                    </formula>
                  </formulaList>
                  <eye>BOTH</eye>
                </brick>
                <brick type="SetVariableBrick">
                  <commentedOut>false</commentedOut>
                  <formulaList>
                    <formula category="VARIABLE">
                      <type>NUMBER</type>
                      <value>5</value>
                    </formula>
                  </formulaList>
                  <userVariable reference="../../../../../../object/scriptList/script/brickList/brick[5]/userVariable"/>
                </brick>
                <brick type="IfLogicElseBrick">
                  <commentedOut>false</commentedOut>
                </brick>
                <brick type="IfLogicBeginBrick">
                  <commentedOut>false</commentedOut>
                  <formulaList>
                    <formula category="IF_CONDITION">
                      <leftChild>
                        <type>USER_VARIABLE</type>
                        <value>led</value>
                      </leftChild>
                      <rightChild>
                        <type>NUMBER</type>
                        <value>5</value>
                      </rightChild>
                      <type>OPERATOR</type>
                      <value>EQUAL</value>
                    </formula>
                  </formulaList>
                </brick>
                <brick type="PhiroRGBLightBrick">
                  <commentedOut>false</commentedOut>
                  <formulaList>
                    <formula category="PHIRO_LIGHT_RED">
                      <type>NUMBER</type>
                      <value>255</value>
                    </formula>
                    <formula category="PHIRO_LIGHT_GREEN">
                      <type>NUMBER</type>
                      <value>0</value>
                    </formula>
                    <formula category="PHIRO_LIGHT_BLUE">
                      <type>NUMBER</type>
                      <value>255</value>
                    </formula>
                  </formulaList>
                  <eye>BOTH</eye>
                </brick>
                <brick type="SetVariableBrick">
                  <commentedOut>false</commentedOut>
                  <formulaList>
                    <formula category="VARIABLE">
                      <type>NUMBER</type>
                      <value>6</value>
                    </formula>
                  </formulaList>
                  <userVariable reference="../../../../../../object/scriptList/script/brickList/brick[5]/userVariable"/>
                </brick>
                <brick type="IfLogicElseBrick">
                  <commentedOut>false</commentedOut>
                </brick>
                <brick type="IfLogicBeginBrick">
                  <commentedOut>false</commentedOut>
                  <formulaList>
                    <formula category="IF_CONDITION">
                      <leftChild>
                        <type>USER_VARIABLE</type>
                        <value>led</value>
                      </leftChild>
                      <rightChild>
                        <type>NUMBER</type>
                        <value>6</value>
                      </rightChild>
                      <type>OPERATOR</type>
                      <value>EQUAL</value>
                    </formula>
                  </formulaList>
                </brick>
                <brick type="PhiroRGBLightBrick">
                  <commentedOut>false</commentedOut>
                  <formulaList>
                    <formula category="PHIRO_LIGHT_RED">
                      <type>NUMBER</type>
                      <value>255</value>
                    </formula>
                    <formula category="PHIRO_LIGHT_GREEN">
                      <type>NUMBER</type>
                      <value>255</value>
                    </formula>
                    <formula category="PHIRO_LIGHT_BLUE">
                      <type>NUMBER</type>
                      <value>0</value>
                    </formula>
                  </formulaList>
                  <eye>BOTH</eye>
                </brick>
                <brick type="SetVariableBrick">
                  <commentedOut>false</commentedOut>
                  <formulaList>
                    <formula category="VARIABLE">
                      <type>NUMBER</type>
                      <value>7</value>
                    </formula>
                  </formulaList>
                  <userVariable reference="../../../../../../object/scriptList/script/brickList/brick[5]/userVariable"/>
                </brick>
                <brick type="IfLogicElseBrick">
                  <commentedOut>false</commentedOut>
                </brick>
                <brick type="IfLogicBeginBrick">
                  <commentedOut>false</commentedOut>
                  <formulaList>
                    <formula category="IF_CONDITION">
                      <leftChild>
                        <type>USER_VARIABLE</type>
                        <value>led</value>
                      </leftChild>
                      <rightChild>
                        <type>NUMBER</type>
                        <value>7</value>
                      </rightChild>
                      <type>OPERATOR</type>
                      <value>EQUAL</value>
                    </formula>
                  </formulaList>
                </brick>
                <brick type="PhiroRGBLightBrick">
                  <commentedOut>false</commentedOut>
                  <formulaList>
                    <formula category="PHIRO_LIGHT_RED">
                      <type>NUMBER</type>
                      <value>255</value>
                    </formula>
                    <formula category="PHIRO_LIGHT_GREEN">
                      <type>NUMBER</type>
                      <value>255</value>
                    </formula>
                    <formula category="PHIRO_LIGHT_BLUE">
                      <type>NUMBER</type>
                      <value>255</value>
                    </formula>
                  </formulaList>
                  <eye>BOTH</eye>
                </brick>
                <brick type="SetVariableBrick">
                  <commentedOut>false</commentedOut>
                  <formulaList>
                    <formula category="VARIABLE">
                      <type>NUMBER</type>
                      <value>1</value>
                    </formula>
                  </formulaList>
                  <userVariable reference="../../../../../../object/scriptList/script/brickList/brick[5]/userVariable"/>
                </brick>
                <brick type="IfLogicElseBrick">
                  <commentedOut>false</commentedOut>
                </brick>
                <brick type="IfLogicBeginBrick">
                  <commentedOut>false</commentedOut>
                  <formulaList>
                    <formula category="IF_CONDITION">
                      <leftChild>
                        <type>USER_VARIABLE</type>
                        <value>led</value>
                      </leftChild>
                      <rightChild>
                        <type>NUMBER</type>
                        <value>7</value>
                      </rightChild>
                      <type>OPERATOR</type>
                      <value>EQUAL</value>
                    </formula>
                  </formulaList>
                </brick>
                <brick type="PhiroRGBLightBrick">
                  <commentedOut>false</commentedOut>
                  <formulaList>
                    <formula category="PHIRO_LIGHT_RED">
                      <type>NUMBER</type>
                      <value>255</value>
                    </formula>
                    <formula category="PHIRO_LIGHT_GREEN">
                      <type>NUMBER</type>
                      <value>255</value>
                    </formula>
                    <formula category="PHIRO_LIGHT_BLUE">
                      <type>NUMBER</type>
                      <value>255</value>
                    </formula>
                  </formulaList>
                  <eye>BOTH</eye>
                </brick>
                <brick type="IfLogicElseBrick">
                  <commentedOut>false</commentedOut>
                </brick>
                <brick type="PhiroRGBLightBrick">
                  <commentedOut>false</commentedOut>
                  <formulaList>
                    <formula category="PHIRO_LIGHT_RED">
                      <type>NUMBER</type>
                      <value>255</value>
                    </formula>
                    <formula category="PHIRO_LIGHT_GREEN">
                      <type>NUMBER</type>
                      <value>255</value>
                    </formula>
                    <formula category="PHIRO_LIGHT_BLUE">
                      <type>NUMBER</type>
                      <value>255</value>
                    </formula>
                  </formulaList>
                  <eye>BOTH</eye>
                </brick>
                <brick type="IfLogicEndBrick">
                  <commentedOut>false</commentedOut>
                </brick>
                <brick type="IfLogicEndBrick">
                  <commentedOut>false</commentedOut>
                </brick>
                <brick type="IfLogicEndBrick">
                  <commentedOut>false</commentedOut>
                </brick>
                <brick type="IfLogicEndBrick">
                  <commentedOut>false</commentedOut>
                </brick>
                <brick type="IfLogicEndBrick">
                  <commentedOut>false</commentedOut>
                </brick>
                <brick type="IfLogicEndBrick">
                  <commentedOut>false</commentedOut>
                </brick>
                <brick type="IfLogicEndBrick">
                  <commentedOut>false</commentedOut>
                </brick>
                <brick type="IfLogicEndBrick">
                  <commentedOut>false</commentedOut>
                </brick>
              </brickList>
              <commentedOut>false</commentedOut>
              <action>Tapped</action>
            </script>
            <script type="BroadcastScript">
              <brickList>
                <brick type="HideBrick">
                  <commentedOut>false</commentedOut>
                </brick>
              </brickList>
              <commentedOut>false</commentedOut>
              <receivedMessage>draw</receivedMessage>
            </script>
            <script type="BroadcastScript">
              <brickList>
                <brick type="ShowBrick">
                  <commentedOut>false</commentedOut>
                </brick>
              </brickList>
              <commentedOut>false</commentedOut>
              <receivedMessage>draw finish</receivedMessage>
            </script>
          </scriptList>
          <soundList>
            <sound reference="../../scriptList/script[2]/brickList/brick/sound"/>
          </soundList>
          <userBricks/>
        </object>
        <object type="SingleSprite" name="mode">
          <lookList>
            <look name="mode">
              <fileName>ce70f866d4627b0cc5c17526d67a05ae_mode.png</fileName>
            </look>
          </lookList>
          <nfcTagList/>
          <scriptList>
            <script type="StartScript">
              <brickList>
                <brick type="SetSizeToBrick">
                  <commentedOut>false</commentedOut>
                  <formulaList>
                    <formula category="SIZE">
                      <type>NUMBER</type>
                      <value>80</value>
                    </formula>
                  </formulaList>
                </brick>
                <brick type="PlaceAtBrick">
                  <commentedOut>false</commentedOut>
                  <formulaList>
                    <formula category="Y_POSITION">
                      <type>NUMBER</type>
                      <value>250</value>
                    </formula>
                    <formula category="X_POSITION">
                      <type>NUMBER</type>
                      <value>250</value>
                    </formula>
                  </formulaList>
                </brick>
              </brickList>
              <commentedOut>false</commentedOut>
              <isUserScript>false</isUserScript>
            </script>
            <script type="BroadcastScript">
              <brickList>
                <brick type="HideBrick">
                  <commentedOut>false</commentedOut>
                </brick>
              </brickList>
              <commentedOut>false</commentedOut>
              <receivedMessage>draw</receivedMessage>
            </script>
            <script type="BroadcastScript">
              <brickList>
                <brick type="ShowBrick">
                  <commentedOut>false</commentedOut>
                </brick>
              </brickList>
              <commentedOut>false</commentedOut>
              <receivedMessage>draw finish</receivedMessage>
            </script>
          </scriptList>
          <soundList>
            <sound>
              <fileName>d1afc1f7ae929ae3571edb3e11b0d280_beep small.mp3</fileName>
              <name>beep small</name>
            </sound>
          </soundList>
          <userBricks/>
        </object>
      </objectList>
      <data>
        <objectListOfList>
          <entry>
            <object reference="../../../../objectList/object[10]"/>
            <list/>
          </entry>
          <entry>
            <object reference="../../../../objectList/object[9]"/>
            <list/>
          </entry>
          <entry>
            <object reference="../../../../objectList/object[7]"/>
            <list/>
          </entry>
          <entry>
            <object reference="../../../../objectList/object"/>
            <list/>
          </entry>
          <entry>
            <object reference="../../../../objectList/object[6]"/>
            <list/>
          </entry>
          <entry>
            <object reference="../../../../objectList/object[4]"/>
            <list/>
          </entry>
          <entry>
            <object reference="../../../../objectList/object[2]"/>
            <list/>
          </entry>
          <entry>
            <object reference="../../../../objectList/object[3]"/>
            <list/>
          </entry>
          <entry>
            <object reference="../../../../objectList/object[8]"/>
            <list/>
          </entry>
          <entry>
            <object reference="../../../../objectList/object[5]"/>
            <list/>
          </entry>
        </objectListOfList>
        <objectVariableList>
          <entry>
            <object reference="../../../../objectList/object[10]"/>
            <list/>
          </entry>
          <entry>
            <object reference="../../../../objectList/object[9]"/>
            <list/>
          </entry>
          <entry>
            <object reference="../../../../objectList/object[7]"/>
            <list/>
          </entry>
          <entry>
            <object reference="../../../../objectList/object"/>
            <list/>
          </entry>
          <entry>
            <object reference="../../../../objectList/object[6]"/>
            <list/>
          </entry>
          <entry>
            <object reference="../../../../objectList/object[4]"/>
            <list/>
          </entry>
          <entry>
            <object reference="../../../../objectList/object[2]"/>
            <list/>
          </entry>
          <entry>
            <object reference="../../../../objectList/object[3]"/>
            <list/>
          </entry>
          <entry>
            <object reference="../../../../objectList/object[8]"/>
            <list/>
          </entry>
          <entry>
            <object reference="../../../../objectList/object[5]"/>
            <list/>
          </entry>
        </objectVariableList>
        <userBrickVariableList/>
      </data>
      <originalWidth>1080</originalWidth>
      <originalHeight>1920</originalHeight>
    </scene>
  </scenes>
  <programVariableList>
    <userVariable reference="../../scenes/scene/objectList/object/scriptList/script/brickList/brick[3]/userVariable"/>
    <userVariable reference="../../scenes/scene/objectList/object/scriptList/script/brickList/brick[6]/userVariable"/>
    <userVariable reference="../../scenes/scene/objectList/object/scriptList/script/brickList/brick[7]/userVariable"/>
    <userVariable reference="../../scenes/scene/objectList/object/scriptList/script/brickList/brick[8]/userVariable"/>
    <userVariable reference="../../scenes/scene/objectList/object/scriptList/script/brickList/brick[9]/userVariable"/>
    <userVariable reference="../../scenes/scene/objectList/object/scriptList/script/brickList/brick[4]/userVariable"/>
    <userVariable reference="../../scenes/scene/objectList/object/scriptList/script/brickList/brick[5]/userVariable"/>
    <userVariable reference="../../scenes/scene/objectList/object/scriptList/script/brickList/brick[2]/userVariable"/>
  </programVariableList>
  <programListOfLists/>
</program>