<?xml version="1.0" encoding="UTF-8" standalone="yes" ?>
<program>
  <header>
    <applicationBuildName></applicationBuildName>
    <applicationBuildNumber>0</applicationBuildNumber>
    <applicationName>Pocket Code</applicationName>
    <applicationVersion>0.9.27</applicationVersion>
    <catrobatLanguageVersion>0.993</catrobatLanguageVersion>
    <dateTimeUpload></dateTimeUpload>
    <description></description>
    <deviceName>Lenovo A7010a48</deviceName>
    <landscapeMode>false</landscapeMode>
    <mediaLicense></mediaLicense>
    <platform>Android</platform>
    <platformVersion>23.0</platformVersion>
    <programLicense></programLicense>
    <programName>BETT DIRECTION DETECT</programName>
    <remixOf></remixOf>
    <scenesEnabled>true</scenesEnabled>
    <screenHeight>1920</screenHeight>
    <screenMode>STRETCH</screenMode>
    <screenWidth>1080</screenWidth>
    <tags></tags>
    <url></url>
    <userHandle></userHandle>
  </header>
  <settings/>
  <scenes>
    <scene>
      <name>Scene 1</name>
      <objectList>
        <object type="SingleSprite" name="Background">
          <lookList>
            <look name="compass BG">
              <fileName>c7802700ecc716e5ee9d14923e52ea62_compass BG.png</fileName>
            </look>
          </lookList>
          <nfcTagList/>
          <scriptList>
            <script type="StartScript">
              <brickList>
                <brick type="SetSizeToBrick">
                  <commentedOut>false</commentedOut>
                  <formulaList>
                    <formula category="SIZE">
                      <type>NUMBER</type>
                      <value>100</value>
                    </formula>
                  </formulaList>
                </brick>
                <brick type="AskBrick">
                  <commentedOut>false</commentedOut>
                  <formulaList>
                    <formula category="ASK_QUESTION">
                      <type>STRING</type>
                      <value>Select Direction 1.North 2.East 3.South 4.West</value>
                    </formula>
                  </formulaList>
                  <userVariable>Direction</userVariable>
                </brick>
                <brick type="BroadcastBrick">
                  <commentedOut>false</commentedOut>
                  <broadcastMessage>start</broadcastMessage>
                </brick>
              </brickList>
              <commentedOut>false</commentedOut>
              <isUserScript>false</isUserScript>
            </script>
            <script type="BroadcastScript">
              <brickList>
                <brick type="SpeakBrick">
                  <commentedOut>false</commentedOut>
                  <formulaList>
                    <formula category="SPEAK">
                      <type>STRING</type>
                      <value>North Direction Reached</value>
                    </formula>
                  </formulaList>
                </brick>
              </brickList>
              <commentedOut>false</commentedOut>
              <receivedMessage>North</receivedMessage>
            </script>
            <script type="BroadcastScript">
              <brickList>
                <brick type="IfLogicBeginBrick">
                  <commentedOut>false</commentedOut>
                  <formulaList>
                    <formula category="IF_CONDITION">
                      <leftChild>
                        <type>USER_VARIABLE</type>
                        <value>Direction</value>
                      </leftChild>
                      <rightChild>
                        <type>NUMBER</type>
                        <value>1</value>
                      </rightChild>
                      <type>OPERATOR</type>
                      <value>EQUAL</value>
                    </formula>
                  </formulaList>
                </brick>
                <brick type="ForeverBrick">
                  <commentedOut>false</commentedOut>
                </brick>
                <brick type="IfLogicBeginBrick">
                  <commentedOut>false</commentedOut>
                  <formulaList>
                    <formula category="IF_CONDITION">
                      <leftChild>
                        <leftChild>
                          <type>SENSOR</type>
                          <value>COMPASS_DIRECTION</value>
                        </leftChild>
                        <rightChild>
                          <rightChild>
                            <type>NUMBER</type>
                            <value>2</value>
                          </rightChild>
                          <type>OPERATOR</type>
                          <value>MINUS</value>
                        </rightChild>
                        <type>OPERATOR</type>
                        <value>GREATER_THAN</value>
                      </leftChild>
                      <rightChild>
                        <leftChild>
                          <type>SENSOR</type>
                          <value>COMPASS_DIRECTION</value>
                        </leftChild>
                        <rightChild>
                          <type>NUMBER</type>
                          <value>2</value>
                        </rightChild>
                        <type>OPERATOR</type>
                        <value>SMALLER_THAN</value>
                      </rightChild>
                      <type>OPERATOR</type>
                      <value>LOGICAL_AND</value>
                    </formula>
                  </formulaList>
                </brick>
                <brick type="PhiroRGBLightBrick">
                  <commentedOut>false</commentedOut>
                  <formulaList>
                    <formula category="PHIRO_LIGHT_RED">
                      <type>NUMBER</type>
                      <value>255</value>
                    </formula>
                    <formula category="PHIRO_LIGHT_GREEN">
                      <type>NUMBER</type>
                      <value>0</value>
                    </formula>
                    <formula category="PHIRO_LIGHT_BLUE">
                      <type>NUMBER</type>
                      <value>0</value>
                    </formula>
                  </formulaList>
                  <eye>BOTH</eye>
                </brick>
                <brick type="PhiroMotorStopBrick">
                  <commentedOut>false</commentedOut>
                  <motor>MOTOR_BOTH</motor>
                </brick>
                <brick type="BroadcastBrick">
                  <commentedOut>false</commentedOut>
                  <broadcastMessage>North</broadcastMessage>
                </brick>
                <brick type="StopScriptBrick">
                  <commentedOut>false</commentedOut>
                  <spinnerSelection>0</spinnerSelection>
                </brick>
                <brick type="WaitBrick">
                  <commentedOut>false</commentedOut>
                  <formulaList>
                    <formula category="TIME_TO_WAIT_IN_SECONDS">
                      <type>NUMBER</type>
                      <value>2</value>
                    </formula>
                  </formulaList>
                </brick>
                <brick type="IfLogicElseBrick">
                  <commentedOut>false</commentedOut>
                </brick>
                <brick type="PhiroRGBLightBrick">
                  <commentedOut>false</commentedOut>
                  <formulaList>
                    <formula category="PHIRO_LIGHT_RED">
                      <type>NUMBER</type>
                      <value>0</value>
                    </formula>
                    <formula category="PHIRO_LIGHT_GREEN">
                      <type>NUMBER</type>
                      <value>255</value>
                    </formula>
                    <formula category="PHIRO_LIGHT_BLUE">
                      <type>NUMBER</type>
                      <value>0</value>
                    </formula>
                  </formulaList>
                  <eye>BOTH</eye>
                </brick>
                <brick type="PhiroMotorMoveForwardBrick">
                  <commentedOut>false</commentedOut>
                  <formulaList>
                    <formula category="PHIRO_SPEED">
                      <type>NUMBER</type>
                      <value>30</value>
                    </formula>
                  </formulaList>
                  <motor>MOTOR_LEFT</motor>
                </brick>
                <brick type="IfLogicEndBrick">
                  <commentedOut>false</commentedOut>
                </brick>
                <brick type="LoopEndlessBrick">
                  <commentedOut>false</commentedOut>
                </brick>
                <brick type="IfLogicElseBrick">
                  <commentedOut>false</commentedOut>
                </brick>
                <brick type="IfLogicEndBrick">
                  <commentedOut>false</commentedOut>
                </brick>
              </brickList>
              <commentedOut>false</commentedOut>
              <receivedMessage>start</receivedMessage>
            </script>
            <script type="BroadcastScript">
              <brickList>
                <brick type="SpeakBrick">
                  <commentedOut>false</commentedOut>
                  <formulaList>
                    <formula category="SPEAK">
                      <type>STRING</type>
                      <value>West Direction Reached</value>
                    </formula>
                  </formulaList>
                </brick>
              </brickList>
              <commentedOut>false</commentedOut>
              <receivedMessage>West</receivedMessage>
            </script>
            <script type="BroadcastScript">
              <brickList>
                <brick type="IfLogicBeginBrick">
                  <commentedOut>false</commentedOut>
                  <formulaList>
                    <formula category="IF_CONDITION">
                      <leftChild>
                        <type>USER_VARIABLE</type>
                        <value>Direction</value>
                      </leftChild>
                      <rightChild>
                        <type>NUMBER</type>
                        <value>4</value>
                      </rightChild>
                      <type>OPERATOR</type>
                      <value>EQUAL</value>
                    </formula>
                  </formulaList>
                </brick>
                <brick type="ForeverBrick">
                  <commentedOut>false</commentedOut>
                </brick>
                <brick type="IfLogicBeginBrick">
                  <commentedOut>false</commentedOut>
                  <formulaList>
                    <formula category="IF_CONDITION">
                      <leftChild>
                        <leftChild>
                          <type>SENSOR</type>
                          <value>COMPASS_DIRECTION</value>
                        </leftChild>
                        <rightChild>
                          <type>NUMBER</type>
                          <value>88</value>
                        </rightChild>
                        <type>OPERATOR</type>
                        <value>GREATER_THAN</value>
                      </leftChild>
                      <rightChild>
                        <leftChild>
                          <type>SENSOR</type>
                          <value>COMPASS_DIRECTION</value>
                        </leftChild>
                        <rightChild>
                          <type>NUMBER</type>
                          <value>92</value>
                        </rightChild>
                        <type>OPERATOR</type>
                        <value>SMALLER_THAN</value>
                      </rightChild>
                      <type>OPERATOR</type>
                      <value>LOGICAL_AND</value>
                    </formula>
                  </formulaList>
                </brick>
                <brick type="PhiroRGBLightBrick">
                  <commentedOut>false</commentedOut>
                  <formulaList>
                    <formula category="PHIRO_LIGHT_RED">
                      <type>NUMBER</type>
                      <value>255</value>
                    </formula>
                    <formula category="PHIRO_LIGHT_GREEN">
                      <type>NUMBER</type>
                      <value>0</value>
                    </formula>
                    <formula category="PHIRO_LIGHT_BLUE">
                      <type>NUMBER</type>
                      <value>0</value>
                    </formula>
                  </formulaList>
                  <eye>BOTH</eye>
                </brick>
                <brick type="PhiroMotorStopBrick">
                  <commentedOut>false</commentedOut>
                  <motor>MOTOR_BOTH</motor>
                </brick>
                <brick type="BroadcastBrick">
                  <commentedOut>false</commentedOut>
                  <broadcastMessage>West</broadcastMessage>
                </brick>
                <brick type="StopScriptBrick">
                  <commentedOut>false</commentedOut>
                  <spinnerSelection>0</spinnerSelection>
                </brick>
                <brick type="WaitBrick">
                  <commentedOut>false</commentedOut>
                  <formulaList>
                    <formula category="TIME_TO_WAIT_IN_SECONDS">
                      <type>NUMBER</type>
                      <value>2</value>
                    </formula>
                  </formulaList>
                </brick>
                <brick type="IfLogicElseBrick">
                  <commentedOut>false</commentedOut>
                </brick>
                <brick type="PhiroRGBLightBrick">
                  <commentedOut>false</commentedOut>
                  <formulaList>
                    <formula category="PHIRO_LIGHT_RED">
                      <type>NUMBER</type>
                      <value>0</value>
                    </formula>
                    <formula category="PHIRO_LIGHT_GREEN">
                      <type>NUMBER</type>
                      <value>255</value>
                    </formula>
                    <formula category="PHIRO_LIGHT_BLUE">
                      <type>NUMBER</type>
                      <value>0</value>
                    </formula>
                  </formulaList>
                  <eye>BOTH</eye>
                </brick>
                <brick type="PhiroMotorMoveForwardBrick">
                  <commentedOut>false</commentedOut>
                  <formulaList>
                    <formula category="PHIRO_SPEED">
                      <type>NUMBER</type>
                      <value>30</value>
                    </formula>
                  </formulaList>
                  <motor>MOTOR_LEFT</motor>
                </brick>
                <brick type="IfLogicEndBrick">
                  <commentedOut>false</commentedOut>
                </brick>
                <brick type="LoopEndlessBrick">
                  <commentedOut>false</commentedOut>
                </brick>
                <brick type="IfLogicElseBrick">
                  <commentedOut>false</commentedOut>
                </brick>
                <brick type="IfLogicEndBrick">
                  <commentedOut>false</commentedOut>
                </brick>
              </brickList>
              <commentedOut>false</commentedOut>
              <receivedMessage>start</receivedMessage>
            </script>
            <script type="BroadcastScript">
              <brickList>
                <brick type="SpeakBrick">
                  <commentedOut>false</commentedOut>
                  <formulaList>
                    <formula category="SPEAK">
                      <type>STRING</type>
                      <value>South Direction Reached</value>
                    </formula>
                  </formulaList>
                </brick>
              </brickList>
              <commentedOut>false</commentedOut>
              <receivedMessage>South</receivedMessage>
            </script>
            <script type="BroadcastScript">
              <brickList>
                <brick type="IfLogicBeginBrick">
                  <commentedOut>false</commentedOut>
                  <formulaList>
                    <formula category="IF_CONDITION">
                      <leftChild>
                        <type>USER_VARIABLE</type>
                        <value>Direction</value>
                      </leftChild>
                      <rightChild>
                        <type>NUMBER</type>
                        <value>3</value>
                      </rightChild>
                      <type>OPERATOR</type>
                      <value>EQUAL</value>
                    </formula>
                  </formulaList>
                </brick>
                <brick type="ForeverBrick">
                  <commentedOut>false</commentedOut>
                </brick>
                <brick type="IfLogicBeginBrick">
                  <commentedOut>false</commentedOut>
                  <formulaList>
                    <formula category="IF_CONDITION">
                      <leftChild>
                        <leftChild>
                          <type>SENSOR</type>
                          <value>COMPASS_DIRECTION</value>
                        </leftChild>
                        <rightChild>
                          <type>NUMBER</type>
                          <value>178</value>
                        </rightChild>
                        <type>OPERATOR</type>
                        <value>GREATER_THAN</value>
                      </leftChild>
                      <rightChild>
                        <leftChild>
                          <type>SENSOR</type>
                          <value>COMPASS_DIRECTION</value>
                        </leftChild>
                        <rightChild>
                          <rightChild>
                            <type>NUMBER</type>
                            <value>178</value>
                          </rightChild>
                          <type>OPERATOR</type>
                          <value>MINUS</value>
                        </rightChild>
                        <type>OPERATOR</type>
                        <value>SMALLER_THAN</value>
                      </rightChild>
                      <type>OPERATOR</type>
                      <value>LOGICAL_OR</value>
                    </formula>
                  </formulaList>
                </brick>
                <brick type="PhiroRGBLightBrick">
                  <commentedOut>false</commentedOut>
                  <formulaList>
                    <formula category="PHIRO_LIGHT_RED">
                      <type>NUMBER</type>
                      <value>255</value>
                    </formula>
                    <formula category="PHIRO_LIGHT_GREEN">
                      <type>NUMBER</type>
                      <value>0</value>
                    </formula>
                    <formula category="PHIRO_LIGHT_BLUE">
                      <type>NUMBER</type>
                      <value>0</value>
                    </formula>
                  </formulaList>
                  <eye>BOTH</eye>
                </brick>
                <brick type="PhiroMotorStopBrick">
                  <commentedOut>false</commentedOut>
                  <motor>MOTOR_BOTH</motor>
                </brick>
                <brick type="BroadcastBrick">
                  <commentedOut>false</commentedOut>
                  <broadcastMessage>South</broadcastMessage>
                </brick>
                <brick type="StopScriptBrick">
                  <commentedOut>false</commentedOut>
                  <spinnerSelection>0</spinnerSelection>
                </brick>
                <brick type="WaitBrick">
                  <commentedOut>false</commentedOut>
                  <formulaList>
                    <formula category="TIME_TO_WAIT_IN_SECONDS">
                      <type>NUMBER</type>
                      <value>2</value>
                    </formula>
                  </formulaList>
                </brick>
                <brick type="IfLogicElseBrick">
                  <commentedOut>false</commentedOut>
                </brick>
                <brick type="PhiroRGBLightBrick">
                  <commentedOut>false</commentedOut>
                  <formulaList>
                    <formula category="PHIRO_LIGHT_RED">
                      <type>NUMBER</type>
                      <value>0</value>
                    </formula>
                    <formula category="PHIRO_LIGHT_GREEN">
                      <type>NUMBER</type>
                      <value>255</value>
                    </formula>
                    <formula category="PHIRO_LIGHT_BLUE">
                      <type>NUMBER</type>
                      <value>0</value>
                    </formula>
                  </formulaList>
                  <eye>BOTH</eye>
                </brick>
                <brick type="PhiroMotorMoveForwardBrick">
                  <commentedOut>false</commentedOut>
                  <formulaList>
                    <formula category="PHIRO_SPEED">
                      <type>NUMBER</type>
                      <value>30</value>
                    </formula>
                  </formulaList>
                  <motor>MOTOR_LEFT</motor>
                </brick>
                <brick type="IfLogicEndBrick">
                  <commentedOut>false</commentedOut>
                </brick>
                <brick type="LoopEndlessBrick">
                  <commentedOut>false</commentedOut>
                </brick>
                <brick type="IfLogicElseBrick">
                  <commentedOut>false</commentedOut>
                </brick>
                <brick type="IfLogicEndBrick">
                  <commentedOut>false</commentedOut>
                </brick>
              </brickList>
              <commentedOut>false</commentedOut>
              <receivedMessage>start</receivedMessage>
            </script>
            <script type="BroadcastScript">
              <brickList>
                <brick type="SpeakBrick">
                  <commentedOut>false</commentedOut>
                  <formulaList>
                    <formula category="SPEAK">
                      <type>STRING</type>
                      <value>East Direction Reached</value>
                    </formula>
                  </formulaList>
                </brick>
              </brickList>
              <commentedOut>false</commentedOut>
              <receivedMessage>East</receivedMessage>
            </script>
            <script type="BroadcastScript">
              <brickList>
                <brick type="IfLogicBeginBrick">
                  <commentedOut>false</commentedOut>
                  <formulaList>
                    <formula category="IF_CONDITION">
                      <leftChild>
                        <type>USER_VARIABLE</type>
                        <value>Direction</value>
                      </leftChild>
                      <rightChild>
                        <type>NUMBER</type>
                        <value>2</value>
                      </rightChild>
                      <type>OPERATOR</type>
                      <value>EQUAL</value>
                    </formula>
                  </formulaList>
                </brick>
                <brick type="ForeverBrick">
                  <commentedOut>false</commentedOut>
                </brick>
                <brick type="IfLogicBeginBrick">
                  <commentedOut>false</commentedOut>
                  <formulaList>
                    <formula category="IF_CONDITION">
                      <leftChild>
                        <leftChild>
                          <type>SENSOR</type>
                          <value>COMPASS_DIRECTION</value>
                        </leftChild>
                        <rightChild>
                          <rightChild>
                            <type>NUMBER</type>
                            <value>92</value>
                          </rightChild>
                          <type>OPERATOR</type>
                          <value>MINUS</value>
                        </rightChild>
                        <type>OPERATOR</type>
                        <value>GREATER_THAN</value>
                      </leftChild>
                      <rightChild>
                        <leftChild>
                          <type>SENSOR</type>
                          <value>COMPASS_DIRECTION</value>
                        </leftChild>
                        <rightChild>
                          <rightChild>
                            <type>NUMBER</type>
                            <value>88</value>
                          </rightChild>
                          <type>OPERATOR</type>
                          <value>MINUS</value>
                        </rightChild>
                        <type>OPERATOR</type>
                        <value>SMALLER_THAN</value>
                      </rightChild>
                      <type>OPERATOR</type>
                      <value>LOGICAL_AND</value>
                    </formula>
                  </formulaList>
                </brick>
                <brick type="PhiroRGBLightBrick">
                  <commentedOut>false</commentedOut>
                  <formulaList>
                    <formula category="PHIRO_LIGHT_RED">
                      <type>NUMBER</type>
                      <value>255</value>
                    </formula>
                    <formula category="PHIRO_LIGHT_GREEN">
                      <type>NUMBER</type>
                      <value>0</value>
                    </formula>
                    <formula category="PHIRO_LIGHT_BLUE">
                      <type>NUMBER</type>
                      <value>0</value>
                    </formula>
                  </formulaList>
                  <eye>BOTH</eye>
                </brick>
                <brick type="PhiroMotorStopBrick">
                  <commentedOut>false</commentedOut>
                  <motor>MOTOR_BOTH</motor>
                </brick>
                <brick type="BroadcastBrick">
                  <commentedOut>false</commentedOut>
                  <broadcastMessage>East</broadcastMessage>
                </brick>
                <brick type="StopScriptBrick">
                  <commentedOut>false</commentedOut>
                  <spinnerSelection>0</spinnerSelection>
                </brick>
                <brick type="WaitBrick">
                  <commentedOut>false</commentedOut>
                  <formulaList>
                    <formula category="TIME_TO_WAIT_IN_SECONDS">
                      <type>NUMBER</type>
                      <value>2</value>
                    </formula>
                  </formulaList>
                </brick>
                <brick type="IfLogicElseBrick">
                  <commentedOut>false</commentedOut>
                </brick>
                <brick type="PhiroRGBLightBrick">
                  <commentedOut>false</commentedOut>
                  <formulaList>
                    <formula category="PHIRO_LIGHT_RED">
                      <type>NUMBER</type>
                      <value>0</value>
                    </formula>
                    <formula category="PHIRO_LIGHT_GREEN">
                      <type>NUMBER</type>
                      <value>255</value>
                    </formula>
                    <formula category="PHIRO_LIGHT_BLUE">
                      <type>NUMBER</type>
                      <value>0</value>
                    </formula>
                  </formulaList>
                  <eye>BOTH</eye>
                </brick>
                <brick type="PhiroMotorMoveForwardBrick">
                  <commentedOut>false</commentedOut>
                  <formulaList>
                    <formula category="PHIRO_SPEED">
                      <type>NUMBER</type>
                      <value>30</value>
                    </formula>
                  </formulaList>
                  <motor>MOTOR_LEFT</motor>
                </brick>
                <brick type="IfLogicEndBrick">
                  <commentedOut>false</commentedOut>
                </brick>
                <brick type="LoopEndlessBrick">
                  <commentedOut>false</commentedOut>
                </brick>
                <brick type="IfLogicElseBrick">
                  <commentedOut>false</commentedOut>
                </brick>
                <brick type="IfLogicEndBrick">
                  <commentedOut>false</commentedOut>
                </brick>
              </brickList>
              <commentedOut>false</commentedOut>
              <receivedMessage>start</receivedMessage>
            </script>
          </scriptList>
          <soundList/>
          <userBricks/>
        </object>
        <object type="SingleSprite" name="compass needle">
          <lookList>
            <look name="compass needle">
              <fileName>12ee5cbfb0ca91a7b1400844a4375b60_compass needle.png</fileName>
            </look>
          </lookList>
          <nfcTagList/>
          <scriptList>
            <script type="StartScript">
              <brickList>
                <brick type="SetSizeToBrick">
                  <commentedOut>false</commentedOut>
                  <formulaList>
                    <formula category="SIZE">
                      <type>NUMBER</type>
                      <value>100</value>
                    </formula>
                  </formulaList>
                </brick>
                <brick type="ShowBrick">
                  <commentedOut>false</commentedOut>
                </brick>
                <brick type="ShowTextBrick">
                  <commentedOut>true</commentedOut>
                  <formulaList>
                    <formula category="Y_POSITION">
                      <type>NUMBER</type>
                      <value>0</value>
                    </formula>
                    <formula category="X_POSITION">
                      <type>NUMBER</type>
                      <value>0</value>
                    </formula>
                  </formulaList>
                  <userVariable>compass</userVariable>
                </brick>
                <brick type="ForeverBrick">
                  <commentedOut>false</commentedOut>
                </brick>
                <brick type="PointInDirectionBrick">
                  <commentedOut>false</commentedOut>
                  <formulaList>
                    <formula category="DEGREES">
                      <type>SENSOR</type>
                      <value>COMPASS_DIRECTION</value>
                    </formula>
                  </formulaList>
                </brick>
                <brick type="SetVariableBrick">
                  <commentedOut>true</commentedOut>
                  <formulaList>
                    <formula category="VARIABLE">
                      <type>SENSOR</type>
                      <value>COMPASS_DIRECTION</value>
                    </formula>
                  </formulaList>
                  <userVariable reference="../../brick[3]/userVariable"/>
                </brick>
                <brick type="LoopEndlessBrick">
                  <commentedOut>false</commentedOut>
                </brick>
              </brickList>
              <commentedOut>false</commentedOut>
              <isUserScript>false</isUserScript>
            </script>
            <script type="BroadcastScript">
              <brickList>
                <brick type="WaitBrick">
                  <commentedOut>false</commentedOut>
                  <formulaList>
                    <formula category="TIME_TO_WAIT_IN_SECONDS">
                      <type>NUMBER</type>
                      <value>2</value>
                    </formula>
                  </formulaList>
                </brick>
                <brick type="StopScriptBrick">
                  <commentedOut>false</commentedOut>
                  <spinnerSelection>1</spinnerSelection>
                </brick>
              </brickList>
              <commentedOut>false</commentedOut>
              <receivedMessage>North</receivedMessage>
            </script>
            <script type="BroadcastScript">
              <brickList>
                <brick type="WaitBrick">
                  <commentedOut>false</commentedOut>
                  <formulaList>
                    <formula category="TIME_TO_WAIT_IN_SECONDS">
                      <type>NUMBER</type>
                      <value>2</value>
                    </formula>
                  </formulaList>
                </brick>
                <brick type="StopScriptBrick">
                  <commentedOut>false</commentedOut>
                  <spinnerSelection>1</spinnerSelection>
                </brick>
              </brickList>
              <commentedOut>false</commentedOut>
              <receivedMessage>West</receivedMessage>
            </script>
            <script type="BroadcastScript">
              <brickList>
                <brick type="WaitBrick">
                  <commentedOut>false</commentedOut>
                  <formulaList>
                    <formula category="TIME_TO_WAIT_IN_SECONDS">
                      <type>NUMBER</type>
                      <value>2</value>
                    </formula>
                  </formulaList>
                </brick>
                <brick type="StopScriptBrick">
                  <commentedOut>false</commentedOut>
                  <spinnerSelection>1</spinnerSelection>
                </brick>
              </brickList>
              <commentedOut>false</commentedOut>
              <receivedMessage>East</receivedMessage>
            </script>
            <script type="BroadcastScript">
              <brickList>
                <brick type="WaitBrick">
                  <commentedOut>false</commentedOut>
                  <formulaList>
                    <formula category="TIME_TO_WAIT_IN_SECONDS">
                      <type>NUMBER</type>
                      <value>2</value>
                    </formula>
                  </formulaList>
                </brick>
                <brick type="StopScriptBrick">
                  <commentedOut>false</commentedOut>
                  <spinnerSelection>1</spinnerSelection>
                </brick>
              </brickList>
              <commentedOut>false</commentedOut>
              <receivedMessage>South</receivedMessage>
            </script>
          </scriptList>
          <soundList/>
          <userBricks/>
        </object>
      </objectList>
      <data>
        <objectListOfList>
          <entry>
            <object reference="../../../../objectList/object[2]"/>
            <list/>
          </entry>
          <entry>
            <object reference="../../../../objectList/object"/>
            <list/>
          </entry>
        </objectListOfList>
        <objectVariableList>
          <entry>
            <object reference="../../../../objectList/object[2]"/>
            <list/>
          </entry>
          <entry>
            <object reference="../../../../objectList/object"/>
            <list/>
          </entry>
        </objectVariableList>
        <userBrickVariableList/>
      </data>
      <originalWidth>1080</originalWidth>
      <originalHeight>1920</originalHeight>
    </scene>
  </scenes>
  <programVariableList>
    <userVariable reference="../../scenes/scene/objectList/object/scriptList/script/brickList/brick[2]/userVariable"/>
    <userVariable reference="../../scenes/scene/objectList/object[2]/scriptList/script/brickList/brick[3]/userVariable"/>
  </programVariableList>
  <programListOfLists/>
</program>