<?xml version="1.0" encoding="UTF-8" standalone="yes" ?>
<program>
  <header>
    <applicationBuildName></applicationBuildName>
    <applicationBuildNumber>0</applicationBuildNumber>
    <applicationName>Create@School</applicationName>
    <applicationVersion>1.0</applicationVersion>
    <catrobatLanguageVersion>0.992</catrobatLanguageVersion>
    <dateTimeUpload></dateTimeUpload>
    <description>#nolb</description>
    <deviceName>XT1572</deviceName>
    <landscapeMode>false</landscapeMode>
    <mediaLicense>http://developer.catrobat.org/ccbysa_v4</mediaLicense>
    <platform>Android</platform>
    <platformVersion>23.0</platformVersion>
    <programLicense>http://developer.catrobat.org/agpl_v3</programLicense>
    <programName>Puzzle</programName>
    <remixOf>/pocketcode/program/10148</remixOf>
    <scenesEnabled>true</scenesEnabled>
    <screenHeight>1200</screenHeight>
    <screenMode>STRETCH</screenMode>
    <screenWidth>1824</screenWidth>
    <tags></tags>
    <url>/pocketcode/program/10148</url>
    <userHandle>NOLB.Austria</userHandle>
  </header>
  <settings/>
  <scenes>
    <scene>
      <name>Start</name>
      <objectList>
        <object type="SingleSprite" name="Background">
          <lookList>
            <look name="title">
              <fileName>6bbb29ebdc67bbe693fb5093ac3476cf_2016_09_22_113056.png</fileName>
            </look>
            <look name="instruction">
              <fileName>697579a4adeab7b624af802eb533df77_title-screen-landscape-insturctions.png</fileName>
            </look>
          </lookList>
          <nfcTagList/>
          <scriptList>
            <script type="StartScript">
              <brickList>
                <brick type="BroadcastBrick">
                  <commentedOut>false</commentedOut>
                  <broadcastMessage>title</broadcastMessage>
                </brick>
              </brickList>
              <commentedOut>false</commentedOut>
              <isUserScript>false</isUserScript>
            </script>
            <script type="BroadcastScript">
              <brickList>
                <brick type="SetLookBrick">
                  <commentedOut>false</commentedOut>
                  <look reference="../../../../../lookList/look"/>
                </brick>
              </brickList>
              <commentedOut>false</commentedOut>
              <receivedMessage>title</receivedMessage>
            </script>
            <script type="BroadcastScript">
              <brickList>
                <brick type="SceneStartBrick">
                  <commentedOut>false</commentedOut>
                  <sceneToStart>Puzzle (add looks)</sceneToStart>
                </brick>
              </brickList>
              <commentedOut>false</commentedOut>
              <receivedMessage>game</receivedMessage>
            </script>
            <script type="BroadcastScript">
              <brickList>
                <brick type="SetLookBrick">
                  <commentedOut>false</commentedOut>
                  <look reference="../../../../../lookList/look[2]"/>
                </brick>
              </brickList>
              <commentedOut>false</commentedOut>
              <receivedMessage>instruction</receivedMessage>
            </script>
          </scriptList>
          <soundList/>
          <userBricks/>
        </object>
        <object type="SingleSprite" name="Initial game variables">
          <lookList/>
          <nfcTagList/>
          <scriptList>
            <script type="StartScript">
              <brickList>
                <brick type="NoteBrick">
                  <commentedOut>false</commentedOut>
                  <formulaList>
                    <formula category="NOTE">
                      <type>STRING</type>
                      <value>3 positions for the looks</value>
                    </formula>
                  </formulaList>
                </brick>
                <brick type="SetVariableBrick">
                  <commentedOut>false</commentedOut>
                  <formulaList>
                    <formula category="VARIABLE">
                      <rightChild>
                        <type>NUMBER</type>
                        <value>400</value>
                      </rightChild>
                      <type>OPERATOR</type>
                      <value>MINUS</value>
                    </formula>
                  </formulaList>
                  <userVariable>position A</userVariable>
                </brick>
                <brick type="SetVariableBrick">
                  <commentedOut>false</commentedOut>
                  <formulaList>
                    <formula category="VARIABLE">
                      <type>NUMBER</type>
                      <value>0</value>
                    </formula>
                  </formulaList>
                  <userVariable>position B</userVariable>
                </brick>
                <brick type="SetVariableBrick">
                  <commentedOut>false</commentedOut>
                  <formulaList>
                    <formula category="VARIABLE">
                      <type>NUMBER</type>
                      <value>400</value>
                    </formula>
                  </formulaList>
                  <userVariable>position C</userVariable>
                </brick>
                <brick type="NoteBrick">
                  <commentedOut>false</commentedOut>
                  <formulaList>
                    <formula category="NOTE">
                      <type>STRING</type>
                      <value>ToDo: change to the amount of looks within the figures</value>
                    </formula>
                  </formulaList>
                </brick>
                <brick type="SetVariableBrick">
                  <commentedOut>false</commentedOut>
                  <formulaList>
                    <formula category="VARIABLE">
                      <type>NUMBER</type>
                      <value>3</value>
                    </formula>
                  </formulaList>
                  <userVariable>amount of looks</userVariable>
                </brick>
                <brick type="SetVariableBrick">
                  <commentedOut>false</commentedOut>
                  <formulaList>
                    <formula category="VARIABLE">
                      <type>NUMBER</type>
                      <value>0</value>
                    </formula>
                  </formulaList>
                  <userVariable>score</userVariable>
                </brick>
                <brick type="SetVariableBrick">
                  <commentedOut>false</commentedOut>
                  <formulaList>
                    <formula category="VARIABLE">
                      <type>NUMBER</type>
                      <value>3</value>
                    </formula>
                  </formulaList>
                  <userVariable>timer</userVariable>
                </brick>
                <brick type="NoteBrick">
                  <commentedOut>false</commentedOut>
                  <formulaList>
                    <formula category="NOTE">
                      <type>STRING</type>
                      <value>Current look number</value>
                    </formula>
                  </formulaList>
                </brick>
                <brick type="SetVariableBrick">
                  <commentedOut>false</commentedOut>
                  <formulaList>
                    <formula category="VARIABLE">
                      <type>NUMBER</type>
                      <value>0</value>
                    </formula>
                  </formulaList>
                  <userVariable>look number</userVariable>
                </brick>
              </brickList>
              <commentedOut>false</commentedOut>
              <isUserScript>false</isUserScript>
            </script>
          </scriptList>
          <soundList/>
          <userBricks/>
        </object>
        <object type="GroupSprite" name="Start">
          <lookList/>
          <nfcTagList/>
          <scriptList/>
          <soundList/>
          <userBricks/>
        </object>
        <object type="GroupItemSprite" name="Button Play">
          <lookList>
            <look name="button play">
              <fileName>8fb7886ce6f1315d86cbecb0c27ba43b_title-screen.png</fileName>
            </look>
          </lookList>
          <nfcTagList/>
          <scriptList>
            <script type="StartScript">
              <brickList>
                <brick type="PlaceAtBrick">
                  <commentedOut>false</commentedOut>
                  <formulaList>
                    <formula category="Y_POSITION">
                      <rightChild>
                        <type>NUMBER</type>
                        <value>200</value>
                      </rightChild>
                      <type>OPERATOR</type>
                      <value>MINUS</value>
                    </formula>
                    <formula category="X_POSITION">
                      <rightChild>
                        <type>NUMBER</type>
                        <value>300</value>
                      </rightChild>
                      <type>OPERATOR</type>
                      <value>MINUS</value>
                    </formula>
                  </formulaList>
                </brick>
              </brickList>
              <commentedOut>false</commentedOut>
              <isUserScript>false</isUserScript>
            </script>
            <script type="WhenScript">
              <brickList>
                <brick type="BroadcastBrick">
                  <commentedOut>false</commentedOut>
                  <broadcastMessage>game</broadcastMessage>
                </brick>
              </brickList>
              <commentedOut>false</commentedOut>
              <action>Tapped</action>
            </script>
            <script type="BroadcastScript">
              <brickList>
                <brick type="ShowBrick">
                  <commentedOut>false</commentedOut>
                </brick>
              </brickList>
              <commentedOut>false</commentedOut>
              <receivedMessage>title</receivedMessage>
            </script>
            <script type="BroadcastScript">
              <brickList>
                <brick type="HideBrick">
                  <commentedOut>false</commentedOut>
                </brick>
              </brickList>
              <commentedOut>false</commentedOut>
              <receivedMessage>instruction</receivedMessage>
            </script>
          </scriptList>
          <soundList/>
          <userBricks/>
        </object>
        <object type="GroupItemSprite" name="Button Instruction">
          <lookList>
            <look name="button instruction">
              <fileName>8a8569b8e2e00d74b2f6d9d76da4ec9d_title-screen.png</fileName>
            </look>
          </lookList>
          <nfcTagList/>
          <scriptList>
            <script type="WhenScript">
              <brickList>
                <brick type="HideBrick">
                  <commentedOut>false</commentedOut>
                </brick>
                <brick type="BroadcastBrick">
                  <commentedOut>false</commentedOut>
                  <broadcastMessage>instruction</broadcastMessage>
                </brick>
              </brickList>
              <commentedOut>false</commentedOut>
              <action>Tapped</action>
            </script>
            <script type="StartScript">
              <brickList>
                <brick type="PlaceAtBrick">
                  <commentedOut>false</commentedOut>
                  <formulaList>
                    <formula category="Y_POSITION">
                      <rightChild>
                        <type>NUMBER</type>
                        <value>400</value>
                      </rightChild>
                      <type>OPERATOR</type>
                      <value>MINUS</value>
                    </formula>
                    <formula category="X_POSITION">
                      <rightChild>
                        <type>NUMBER</type>
                        <value>300</value>
                      </rightChild>
                      <type>OPERATOR</type>
                      <value>MINUS</value>
                    </formula>
                  </formulaList>
                </brick>
              </brickList>
              <commentedOut>false</commentedOut>
              <isUserScript>false</isUserScript>
            </script>
            <script type="BroadcastScript">
              <brickList>
                <brick type="ShowBrick">
                  <commentedOut>false</commentedOut>
                </brick>
              </brickList>
              <commentedOut>false</commentedOut>
              <receivedMessage>title</receivedMessage>
            </script>
          </scriptList>
          <soundList/>
          <userBricks/>
        </object>
        <object type="GroupItemSprite" name="Button Back">
          <lookList>
            <look name="Button Back">
              <fileName>da7acfbdd769420109cca7e25928e68e_Button Back.png</fileName>
            </look>
          </lookList>
          <nfcTagList/>
          <scriptList>
            <script type="BroadcastScript">
              <brickList>
                <brick type="ShowBrick">
                  <commentedOut>false</commentedOut>
                </brick>
                <brick type="PlaceAtBrick">
                  <commentedOut>false</commentedOut>
                  <formulaList>
                    <formula category="Y_POSITION">
                      <rightChild>
                        <type>NUMBER</type>
                        <value>450</value>
                      </rightChild>
                      <type>OPERATOR</type>
                      <value>MINUS</value>
                    </formula>
                    <formula category="X_POSITION">
                      <type>NUMBER</type>
                      <value>500</value>
                    </formula>
                  </formulaList>
                </brick>
              </brickList>
              <commentedOut>false</commentedOut>
              <receivedMessage>instruction</receivedMessage>
            </script>
            <script type="WhenScript">
              <brickList>
                <brick type="HideBrick">
                  <commentedOut>false</commentedOut>
                </brick>
                <brick type="BroadcastBrick">
                  <commentedOut>false</commentedOut>
                  <broadcastMessage>title</broadcastMessage>
                </brick>
              </brickList>
              <commentedOut>false</commentedOut>
              <action>Tapped</action>
            </script>
            <script type="StartScript">
              <brickList>
                <brick type="HideBrick">
                  <commentedOut>false</commentedOut>
                </brick>
              </brickList>
              <commentedOut>false</commentedOut>
              <isUserScript>false</isUserScript>
            </script>
          </scriptList>
          <soundList/>
          <userBricks/>
        </object>
      </objectList>
      <data>
        <objectListOfList>
          <entry>
            <object reference="../../../../objectList/object"/>
            <list/>
          </entry>
          <entry>
            <object reference="../../../../objectList/object[5]"/>
            <list/>
          </entry>
          <entry>
            <object reference="../../../../objectList/object[6]"/>
            <list/>
          </entry>
          <entry>
            <object reference="../../../../objectList/object[4]"/>
            <list/>
          </entry>
          <entry>
            <object reference="../../../../objectList/object[2]"/>
            <list/>
          </entry>
        </objectListOfList>
        <objectVariableList>
          <entry>
            <object reference="../../../../objectList/object"/>
            <list/>
          </entry>
          <entry>
            <object reference="../../../../objectList/object[5]"/>
            <list/>
          </entry>
          <entry>
            <object reference="../../../../objectList/object[6]"/>
            <list/>
          </entry>
          <entry>
            <object reference="../../../../objectList/object[4]"/>
            <list/>
          </entry>
          <entry>
            <object reference="../../../../objectList/object[2]"/>
            <list/>
          </entry>
        </objectVariableList>
        <userBrickVariableList/>
      </data>
      <originalWidth>1200</originalWidth>
      <originalHeight>1824</originalHeight>
    </scene>
    <scene>
      <name>Puzzle (add looks)</name>
      <objectList>
        <object type="SingleSprite" name="Background">
          <lookList>
            <look name="game">
              <fileName>ff8e4213f022a41a40472c48717c3ed4_title-screen-landscape.png</fileName>
            </look>
          </lookList>
          <nfcTagList/>
          <scriptList/>
          <soundList/>
          <userBricks/>
        </object>
        <object type="GroupSprite" name="Images (includes different looks to odd/or not odd out)">
          <lookList/>
          <nfcTagList/>
          <scriptList/>
          <soundList/>
          <userBricks/>
        </object>
        <object type="GroupItemSprite" name="Image 1 (add looks to odd out)">
          <lookList>
            <look name="Look 1 to odd out">
              <fileName>cccbe985f150d5b9992af9e618e26493_Look 1 to odd out.png</fileName>
            </look>
            <look name="Look 2 to odd out">
              <fileName>fdc9de83adc7a51873c2bf93bbab56f0_Look 2 to odd out.png</fileName>
            </look>
            <look name="Look 3 template to odd out">
              <fileName>8e7adfcf559048ef5c27efc8ed26c87b_Look 2 to odd out.png</fileName>
            </look>
          </lookList>
          <nfcTagList/>
          <scriptList>
            <script type="StartScript">
              <brickList>
                <brick type="NoteBrick">
                  <commentedOut>false</commentedOut>
                  <formulaList>
                    <formula category="NOTE">
                      <type>STRING</type>
                      <value>This object holds the looks to odd out</value>
                    </formula>
                  </formulaList>
                </brick>
                <brick type="SetSizeToBrick">
                  <commentedOut>false</commentedOut>
                  <formulaList>
                    <formula category="SIZE">
                      <type>NUMBER</type>
                      <value>140</value>
                    </formula>
                  </formulaList>
                </brick>
              </brickList>
              <commentedOut>false</commentedOut>
              <isUserScript>false</isUserScript>
            </script>
            <script type="WhenScript">
              <brickList>
                <brick type="BroadcastBrick">
                  <commentedOut>false</commentedOut>
                  <broadcastMessage>answer correct</broadcastMessage>
                </brick>
              </brickList>
              <commentedOut>false</commentedOut>
              <action>Tapped</action>
            </script>
            <script type="BroadcastScript">
              <brickList>
                <brick type="IfThenLogicBeginBrick">
                  <commentedOut>false</commentedOut>
                  <formulaList>
                    <formula category="IF_CONDITION">
                      <leftChild>
                        <rightChild>
                          <type>USER_VARIABLE</type>
                          <value>look number</value>
                        </rightChild>
                        <type>OPERATOR</type>
                        <value>LOGICAL_NOT</value>
                      </leftChild>
                      <rightChild>
                        <type>NUMBER</type>
                        <value>0</value>
                      </rightChild>
                      <type>OPERATOR</type>
                      <value>EQUAL</value>
                    </formula>
                  </formulaList>
                </brick>
                <brick type="WaitBrick">
                  <commentedOut>false</commentedOut>
                  <formulaList>
                    <formula category="TIME_TO_WAIT_IN_SECONDS">
                      <type>NUMBER</type>
                      <value>0.5</value>
                    </formula>
                  </formulaList>
                </brick>
                <brick type="NextLookBrick">
                  <commentedOut>false</commentedOut>
                </brick>
                <brick type="IfThenLogicEndBrick">
                  <commentedOut>false</commentedOut>
                </brick>
                <brick type="NoteBrick">
                  <commentedOut>false</commentedOut>
                  <formulaList>
                    <formula category="NOTE">
                      <type>STRING</type>
                      <value>Sets the position of the looks according to the random variable &apos;shuffle answers&apos;. Allowed values are 1, 2 and 3.</value>
                    </formula>
                  </formulaList>
                </brick>
                <brick type="IfThenLogicBeginBrick">
                  <commentedOut>false</commentedOut>
                  <formulaList>
                    <formula category="IF_CONDITION">
                      <leftChild>
                        <type>USER_VARIABLE</type>
                        <value>shuffle answers</value>
                      </leftChild>
                      <rightChild>
                        <type>NUMBER</type>
                        <value>1</value>
                      </rightChild>
                      <type>OPERATOR</type>
                      <value>EQUAL</value>
                    </formula>
                  </formulaList>
                </brick>
                <brick type="PlaceAtBrick">
                  <commentedOut>false</commentedOut>
                  <formulaList>
                    <formula category="Y_POSITION">
                      <rightChild>
                        <type>NUMBER</type>
                        <value>300</value>
                      </rightChild>
                      <type>OPERATOR</type>
                      <value>MINUS</value>
                    </formula>
                    <formula category="X_POSITION">
                      <type>USER_VARIABLE</type>
                      <value>position C</value>
                    </formula>
                  </formulaList>
                </brick>
                <brick type="IfThenLogicEndBrick">
                  <commentedOut>false</commentedOut>
                </brick>
                <brick type="IfThenLogicBeginBrick">
                  <commentedOut>false</commentedOut>
                  <formulaList>
                    <formula category="IF_CONDITION">
                      <leftChild>
                        <type>USER_VARIABLE</type>
                        <value>shuffle answers</value>
                      </leftChild>
                      <rightChild>
                        <type>NUMBER</type>
                        <value>2</value>
                      </rightChild>
                      <type>OPERATOR</type>
                      <value>EQUAL</value>
                    </formula>
                  </formulaList>
                </brick>
                <brick type="PlaceAtBrick">
                  <commentedOut>false</commentedOut>
                  <formulaList>
                    <formula category="Y_POSITION">
                      <rightChild>
                        <type>NUMBER</type>
                        <value>300</value>
                      </rightChild>
                      <type>OPERATOR</type>
                      <value>MINUS</value>
                    </formula>
                    <formula category="X_POSITION">
                      <type>USER_VARIABLE</type>
                      <value>position B</value>
                    </formula>
                  </formulaList>
                </brick>
                <brick type="IfThenLogicEndBrick">
                  <commentedOut>false</commentedOut>
                </brick>
                <brick type="IfThenLogicBeginBrick">
                  <commentedOut>false</commentedOut>
                  <formulaList>
                    <formula category="IF_CONDITION">
                      <leftChild>
                        <type>USER_VARIABLE</type>
                        <value>shuffle answers</value>
                      </leftChild>
                      <rightChild>
                        <type>NUMBER</type>
                        <value>3</value>
                      </rightChild>
                      <type>OPERATOR</type>
                      <value>EQUAL</value>
                    </formula>
                  </formulaList>
                </brick>
                <brick type="PlaceAtBrick">
                  <commentedOut>false</commentedOut>
                  <formulaList>
                    <formula category="Y_POSITION">
                      <rightChild>
                        <type>NUMBER</type>
                        <value>300</value>
                      </rightChild>
                      <type>OPERATOR</type>
                      <value>MINUS</value>
                    </formula>
                    <formula category="X_POSITION">
                      <type>USER_VARIABLE</type>
                      <value>position A</value>
                    </formula>
                  </formulaList>
                </brick>
                <brick type="IfThenLogicEndBrick">
                  <commentedOut>false</commentedOut>
                </brick>
              </brickList>
              <commentedOut>false</commentedOut>
              <receivedMessage>Switch to next round of looks</receivedMessage>
            </script>
          </scriptList>
          <soundList/>
          <userBricks/>
        </object>
        <object type="GroupItemSprite" name="Image 2 (add looks with connection to image 3 looks)">
          <lookList>
            <look name="Look round 1">
              <fileName>1241c53c04af7f8bfc82e2244c6d7784_Look Round 1.png</fileName>
            </look>
            <look name="Look round 2">
              <fileName>8f8deafbbcfff3c51ba8f90938339eee_Look Round 2.png</fileName>
            </look>
            <look name="Look round 3  template">
              <fileName>8e7adfcf559048ef5c27efc8ed26c87b_look.png</fileName>
            </look>
          </lookList>
          <nfcTagList/>
          <scriptList>
            <script type="StartScript">
              <brickList>
                <brick type="NoteBrick">
                  <commentedOut>false</commentedOut>
                  <formulaList>
                    <formula category="NOTE">
                      <type>STRING</type>
                      <value>This object holds the looks to not odd out</value>
                    </formula>
                  </formulaList>
                </brick>
                <brick type="SetSizeToBrick">
                  <commentedOut>false</commentedOut>
                  <formulaList>
                    <formula category="SIZE">
                      <type>NUMBER</type>
                      <value>140</value>
                    </formula>
                  </formulaList>
                </brick>
              </brickList>
              <commentedOut>false</commentedOut>
              <isUserScript>false</isUserScript>
            </script>
            <script type="WhenScript">
              <brickList>
                <brick type="BroadcastBrick">
                  <commentedOut>false</commentedOut>
                  <broadcastMessage>answer wrong</broadcastMessage>
                </brick>
              </brickList>
              <commentedOut>false</commentedOut>
              <action>Tapped</action>
            </script>
            <script type="BroadcastScript">
              <brickList>
                <brick type="IfThenLogicBeginBrick">
                  <commentedOut>false</commentedOut>
                  <formulaList>
                    <formula category="IF_CONDITION">
                      <leftChild>
                        <rightChild>
                          <type>USER_VARIABLE</type>
                          <value>look number</value>
                        </rightChild>
                        <type>OPERATOR</type>
                        <value>LOGICAL_NOT</value>
                      </leftChild>
                      <rightChild>
                        <type>NUMBER</type>
                        <value>0</value>
                      </rightChild>
                      <type>OPERATOR</type>
                      <value>EQUAL</value>
                    </formula>
                  </formulaList>
                </brick>
                <brick type="WaitBrick">
                  <commentedOut>false</commentedOut>
                  <formulaList>
                    <formula category="TIME_TO_WAIT_IN_SECONDS">
                      <type>NUMBER</type>
                      <value>0.5</value>
                    </formula>
                  </formulaList>
                </brick>
                <brick type="NextLookBrick">
                  <commentedOut>false</commentedOut>
                </brick>
                <brick type="IfThenLogicEndBrick">
                  <commentedOut>false</commentedOut>
                </brick>
                <brick type="NoteBrick">
                  <commentedOut>false</commentedOut>
                  <formulaList>
                    <formula category="NOTE">
                      <type>STRING</type>
                      <value>Sets the position of the looks according to the random variable &apos;shuffle answers&apos;. Allowed values are 1, 2 and 3.</value>
                    </formula>
                  </formulaList>
                </brick>
                <brick type="IfThenLogicBeginBrick">
                  <commentedOut>false</commentedOut>
                  <formulaList>
                    <formula category="IF_CONDITION">
                      <leftChild>
                        <type>USER_VARIABLE</type>
                        <value>shuffle answers</value>
                      </leftChild>
                      <rightChild>
                        <type>NUMBER</type>
                        <value>1</value>
                      </rightChild>
                      <type>OPERATOR</type>
                      <value>EQUAL</value>
                    </formula>
                  </formulaList>
                </brick>
                <brick type="PlaceAtBrick">
                  <commentedOut>false</commentedOut>
                  <formulaList>
                    <formula category="Y_POSITION">
                      <rightChild>
                        <type>NUMBER</type>
                        <value>300</value>
                      </rightChild>
                      <type>OPERATOR</type>
                      <value>MINUS</value>
                    </formula>
                    <formula category="X_POSITION">
                      <type>USER_VARIABLE</type>
                      <value>position B</value>
                    </formula>
                  </formulaList>
                </brick>
                <brick type="IfThenLogicEndBrick">
                  <commentedOut>false</commentedOut>
                </brick>
                <brick type="IfThenLogicBeginBrick">
                  <commentedOut>false</commentedOut>
                  <formulaList>
                    <formula category="IF_CONDITION">
                      <leftChild>
                        <type>USER_VARIABLE</type>
                        <value>shuffle answers</value>
                      </leftChild>
                      <rightChild>
                        <type>NUMBER</type>
                        <value>2</value>
                      </rightChild>
                      <type>OPERATOR</type>
                      <value>EQUAL</value>
                    </formula>
                  </formulaList>
                </brick>
                <brick type="PlaceAtBrick">
                  <commentedOut>false</commentedOut>
                  <formulaList>
                    <formula category="Y_POSITION">
                      <rightChild>
                        <type>NUMBER</type>
                        <value>300</value>
                      </rightChild>
                      <type>OPERATOR</type>
                      <value>MINUS</value>
                    </formula>
                    <formula category="X_POSITION">
                      <type>USER_VARIABLE</type>
                      <value>position A</value>
                    </formula>
                  </formulaList>
                </brick>
                <brick type="IfThenLogicEndBrick">
                  <commentedOut>false</commentedOut>
                </brick>
                <brick type="IfThenLogicBeginBrick">
                  <commentedOut>false</commentedOut>
                  <formulaList>
                    <formula category="IF_CONDITION">
                      <leftChild>
                        <type>USER_VARIABLE</type>
                        <value>shuffle answers</value>
                      </leftChild>
                      <rightChild>
                        <type>NUMBER</type>
                        <value>3</value>
                      </rightChild>
                      <type>OPERATOR</type>
                      <value>EQUAL</value>
                    </formula>
                  </formulaList>
                </brick>
                <brick type="PlaceAtBrick">
                  <commentedOut>false</commentedOut>
                  <formulaList>
                    <formula category="Y_POSITION">
                      <rightChild>
                        <type>NUMBER</type>
                        <value>300</value>
                      </rightChild>
                      <type>OPERATOR</type>
                      <value>MINUS</value>
                    </formula>
                    <formula category="X_POSITION">
                      <type>USER_VARIABLE</type>
                      <value>position C</value>
                    </formula>
                  </formulaList>
                </brick>
                <brick type="IfThenLogicEndBrick">
                  <commentedOut>false</commentedOut>
                </brick>
              </brickList>
              <commentedOut>false</commentedOut>
              <receivedMessage>Switch to next round of looks</receivedMessage>
            </script>
          </scriptList>
          <soundList/>
          <userBricks/>
        </object>
        <object type="GroupItemSprite" name="Image 3 (add looks with connection to image 2 looks)">
          <lookList>
            <look name="Look round 1">
              <fileName>be5278d295e9237bd25d9c02aa02ddb7_Look Round 11.png</fileName>
            </look>
            <look name="Look round 2">
              <fileName>18e67f90dc2e4c730b9874dbd391d365_Look Round 21.png</fileName>
            </look>
            <look name="Look round 3 template">
              <fileName>8e7adfcf559048ef5c27efc8ed26c87b_look.png</fileName>
            </look>
          </lookList>
          <nfcTagList/>
          <scriptList>
            <script type="StartScript">
              <brickList>
                <brick type="NoteBrick">
                  <commentedOut>false</commentedOut>
                  <formulaList>
                    <formula category="NOTE">
                      <type>STRING</type>
                      <value>This object holds tge looks to not odd out</value>
                    </formula>
                  </formulaList>
                </brick>
                <brick type="SetSizeToBrick">
                  <commentedOut>false</commentedOut>
                  <formulaList>
                    <formula category="SIZE">
                      <type>NUMBER</type>
                      <value>140</value>
                    </formula>
                  </formulaList>
                </brick>
              </brickList>
              <commentedOut>false</commentedOut>
              <isUserScript>false</isUserScript>
            </script>
            <script type="WhenScript">
              <brickList>
                <brick type="BroadcastBrick">
                  <commentedOut>false</commentedOut>
                  <broadcastMessage>answer wrong</broadcastMessage>
                </brick>
              </brickList>
              <commentedOut>false</commentedOut>
              <action>Tapped</action>
            </script>
            <script type="BroadcastScript">
              <brickList>
                <brick type="IfThenLogicBeginBrick">
                  <commentedOut>false</commentedOut>
                  <formulaList>
                    <formula category="IF_CONDITION">
                      <leftChild>
                        <rightChild>
                          <type>USER_VARIABLE</type>
                          <value>look number</value>
                        </rightChild>
                        <type>OPERATOR</type>
                        <value>LOGICAL_NOT</value>
                      </leftChild>
                      <rightChild>
                        <type>NUMBER</type>
                        <value>0</value>
                      </rightChild>
                      <type>OPERATOR</type>
                      <value>EQUAL</value>
                    </formula>
                  </formulaList>
                </brick>
                <brick type="WaitBrick">
                  <commentedOut>false</commentedOut>
                  <formulaList>
                    <formula category="TIME_TO_WAIT_IN_SECONDS">
                      <type>NUMBER</type>
                      <value>0.5</value>
                    </formula>
                  </formulaList>
                </brick>
                <brick type="NextLookBrick">
                  <commentedOut>false</commentedOut>
                </brick>
                <brick type="IfThenLogicEndBrick">
                  <commentedOut>false</commentedOut>
                </brick>
                <brick type="NoteBrick">
                  <commentedOut>false</commentedOut>
                  <formulaList>
                    <formula category="NOTE">
                      <type>STRING</type>
                      <value>Sets the position of the looks according to the random variable &apos;shuffle answers&apos;. Allowed values are 1, 2 and 3.</value>
                    </formula>
                  </formulaList>
                </brick>
                <brick type="IfThenLogicBeginBrick">
                  <commentedOut>false</commentedOut>
                  <formulaList>
                    <formula category="IF_CONDITION">
                      <leftChild>
                        <type>USER_VARIABLE</type>
                        <value>shuffle answers</value>
                      </leftChild>
                      <rightChild>
                        <type>NUMBER</type>
                        <value>1</value>
                      </rightChild>
                      <type>OPERATOR</type>
                      <value>EQUAL</value>
                    </formula>
                  </formulaList>
                </brick>
                <brick type="PlaceAtBrick">
                  <commentedOut>false</commentedOut>
                  <formulaList>
                    <formula category="Y_POSITION">
                      <rightChild>
                        <type>NUMBER</type>
                        <value>300</value>
                      </rightChild>
                      <type>OPERATOR</type>
                      <value>MINUS</value>
                    </formula>
                    <formula category="X_POSITION">
                      <type>USER_VARIABLE</type>
                      <value>position A</value>
                    </formula>
                  </formulaList>
                </brick>
                <brick type="IfThenLogicEndBrick">
                  <commentedOut>false</commentedOut>
                </brick>
                <brick type="IfThenLogicBeginBrick">
                  <commentedOut>false</commentedOut>
                  <formulaList>
                    <formula category="IF_CONDITION">
                      <leftChild>
                        <type>USER_VARIABLE</type>
                        <value>shuffle answers</value>
                      </leftChild>
                      <rightChild>
                        <type>NUMBER</type>
                        <value>2</value>
                      </rightChild>
                      <type>OPERATOR</type>
                      <value>EQUAL</value>
                    </formula>
                  </formulaList>
                </brick>
                <brick type="PlaceAtBrick">
                  <commentedOut>false</commentedOut>
                  <formulaList>
                    <formula category="Y_POSITION">
                      <rightChild>
                        <type>NUMBER</type>
                        <value>300</value>
                      </rightChild>
                      <type>OPERATOR</type>
                      <value>MINUS</value>
                    </formula>
                    <formula category="X_POSITION">
                      <type>USER_VARIABLE</type>
                      <value>position C</value>
                    </formula>
                  </formulaList>
                </brick>
                <brick type="IfThenLogicEndBrick">
                  <commentedOut>false</commentedOut>
                </brick>
                <brick type="IfThenLogicBeginBrick">
                  <commentedOut>false</commentedOut>
                  <formulaList>
                    <formula category="IF_CONDITION">
                      <leftChild>
                        <type>USER_VARIABLE</type>
                        <value>shuffle answers</value>
                      </leftChild>
                      <rightChild>
                        <type>NUMBER</type>
                        <value>3</value>
                      </rightChild>
                      <type>OPERATOR</type>
                      <value>EQUAL</value>
                    </formula>
                  </formulaList>
                </brick>
                <brick type="PlaceAtBrick">
                  <commentedOut>false</commentedOut>
                  <formulaList>
                    <formula category="Y_POSITION">
                      <rightChild>
                        <type>NUMBER</type>
                        <value>300</value>
                      </rightChild>
                      <type>OPERATOR</type>
                      <value>MINUS</value>
                    </formula>
                    <formula category="X_POSITION">
                      <type>USER_VARIABLE</type>
                      <value>position B</value>
                    </formula>
                  </formulaList>
                </brick>
                <brick type="IfThenLogicEndBrick">
                  <commentedOut>false</commentedOut>
                </brick>
              </brickList>
              <commentedOut>false</commentedOut>
              <receivedMessage>Switch to next round of looks</receivedMessage>
            </script>
          </scriptList>
          <soundList/>
          <userBricks/>
        </object>
        <object type="GroupSprite" name="Game elements">
          <lookList/>
          <nfcTagList/>
          <scriptList/>
          <soundList/>
          <userBricks/>
        </object>
        <object type="GroupItemSprite" name="Check answer">
          <lookList>
            <look name="Answer correct">
              <fileName>ccd204bcf1dc961e70fa53e74f6b37aa_Answer correct.png</fileName>
            </look>
            <look name="Answer wrong">
              <fileName>d610c8aac8e07e295cac44004c0a2d47_Answer wrong.png</fileName>
            </look>
          </lookList>
          <nfcTagList/>
          <scriptList>
            <script type="StartScript">
              <brickList>
                <brick type="ComeToFrontBrick">
                  <commentedOut>false</commentedOut>
                </brick>
                <brick type="SetSizeToBrick">
                  <commentedOut>false</commentedOut>
                  <formulaList>
                    <formula category="SIZE">
                      <type>NUMBER</type>
                      <value>150</value>
                    </formula>
                  </formulaList>
                </brick>
                <brick type="HideBrick">
                  <commentedOut>false</commentedOut>
                </brick>
              </brickList>
              <commentedOut>false</commentedOut>
              <isUserScript>false</isUserScript>
            </script>
            <script type="BroadcastScript">
              <brickList>
                <brick type="SetLookBrick">
                  <commentedOut>false</commentedOut>
                  <look reference="../../../../../lookList/look"/>
                </brick>
                <brick type="PlaySoundBrick">
                  <commentedOut>false</commentedOut>
                  <sound>
                    <fileName>ab3fc8887751e44e0ea33db70c052720_Record correct.mp3</fileName>
                    <name>Record correct</name>
                  </sound>
                </brick>
                <brick type="ChangeVariableBrick">
                  <commentedOut>false</commentedOut>
                  <formulaList>
                    <formula category="VARIABLE_CHANGE">
                      <type>NUMBER</type>
                      <value>1.0</value>
                    </formula>
                  </formulaList>
                  <userVariable reference="../../../../../../../../scene/objectList/object[2]/scriptList/script/brickList/brick[7]/userVariable"/>
                </brick>
                <brick type="BroadcastBrick">
                  <commentedOut>false</commentedOut>
                  <broadcastMessage>close curtains</broadcastMessage>
                </brick>
                <brick type="ShowBrick">
                  <commentedOut>false</commentedOut>
                </brick>
                <brick type="BroadcastBrick">
                  <commentedOut>false</commentedOut>
                  <broadcastMessage>define shuffle</broadcastMessage>
                </brick>
                <brick type="WaitBrick">
                  <commentedOut>false</commentedOut>
                  <formulaList>
                    <formula category="TIME_TO_WAIT_IN_SECONDS">
                      <type>NUMBER</type>
                      <value>1</value>
                    </formula>
                  </formulaList>
                </brick>
                <brick type="HideBrick">
                  <commentedOut>false</commentedOut>
                </brick>
              </brickList>
              <commentedOut>false</commentedOut>
              <receivedMessage>answer correct</receivedMessage>
            </script>
            <script type="BroadcastScript">
              <brickList>
                <brick type="SetLookBrick">
                  <commentedOut>false</commentedOut>
                  <look reference="../../../../../lookList/look[2]"/>
                </brick>
                <brick type="PlaySoundBrick">
                  <commentedOut>false</commentedOut>
                  <sound>
                    <fileName>49a87e90fdb5d162e6e0fbae6a60ee94_Record wrong.mp3</fileName>
                    <name>Record wrong</name>
                  </sound>
                </brick>
                <brick type="ChangeVariableBrick">
                  <commentedOut>false</commentedOut>
                  <formulaList>
                    <formula category="VARIABLE_CHANGE">
                      <rightChild>
                        <type>NUMBER</type>
                        <value>1</value>
                      </rightChild>
                      <type>OPERATOR</type>
                      <value>MINUS</value>
                    </formula>
                  </formulaList>
                  <userVariable reference="../../../../../../../../scene/objectList/object[2]/scriptList/script/brickList/brick[7]/userVariable"/>
                </brick>
                <brick type="BroadcastBrick">
                  <commentedOut>false</commentedOut>
                  <broadcastMessage>close curtains</broadcastMessage>
                </brick>
                <brick type="ShowBrick">
                  <commentedOut>false</commentedOut>
                </brick>
                <brick type="WaitBrick">
                  <commentedOut>false</commentedOut>
                  <formulaList>
                    <formula category="TIME_TO_WAIT_IN_SECONDS">
                      <type>NUMBER</type>
                      <value>1</value>
                    </formula>
                  </formulaList>
                </brick>
                <brick type="HideBrick">
                  <commentedOut>false</commentedOut>
                </brick>
              </brickList>
              <commentedOut>false</commentedOut>
              <receivedMessage>answer wrong</receivedMessage>
            </script>
          </scriptList>
          <soundList>
            <sound reference="../../scriptList/script[2]/brickList/brick[2]/sound"/>
            <sound reference="../../scriptList/script[3]/brickList/brick[2]/sound"/>
          </soundList>
          <userBricks/>
        </object>
        <object type="GroupItemSprite" name="HUD elements">
          <lookList>
            <look name="HUD elements">
              <fileName>25f730c04369526df11ab56f95fa73a4_HUD Elements.png</fileName>
            </look>
          </lookList>
          <nfcTagList/>
          <scriptList>
            <script type="StartScript">
              <brickList>
                <brick type="PlaceAtBrick">
                  <commentedOut>false</commentedOut>
                  <formulaList>
                    <formula category="Y_POSITION">
                      <type>NUMBER</type>
                      <value>230</value>
                    </formula>
                    <formula category="X_POSITION">
                      <type>NUMBER</type>
                      <value>0</value>
                    </formula>
                  </formulaList>
                </brick>
                <brick type="NoteBrick">
                  <commentedOut>false</commentedOut>
                  <formulaList>
                    <formula category="NOTE">
                      <type>STRING</type>
                      <value>Random variable to set the position of the looks</value>
                    </formula>
                  </formulaList>
                </brick>
                <brick type="SetVariableBrick">
                  <commentedOut>false</commentedOut>
                  <formulaList>
                    <formula category="VARIABLE">
                      <leftChild>
                        <type>NUMBER</type>
                        <value>1</value>
                      </leftChild>
                      <rightChild>
                        <type>NUMBER</type>
                        <value>3</value>
                      </rightChild>
                      <type>FUNCTION</type>
                      <value>RAND</value>
                    </formula>
                  </formulaList>
                  <userVariable>shuffle answers</userVariable>
                </brick>
                <brick type="BroadcastBrick">
                  <commentedOut>false</commentedOut>
                  <broadcastMessage>Switch to next round of looks</broadcastMessage>
                </brick>
                <brick type="ShowTextBrick">
                  <commentedOut>false</commentedOut>
                  <formulaList>
                    <formula category="Y_POSITION">
                      <type>NUMBER</type>
                      <value>430</value>
                    </formula>
                    <formula category="X_POSITION">
                      <rightChild>
                        <type>NUMBER</type>
                        <value>105</value>
                      </rightChild>
                      <type>OPERATOR</type>
                      <value>MINUS</value>
                    </formula>
                  </formulaList>
                  <userVariable reference="../../../../../../../../scene/objectList/object[2]/scriptList/script/brickList/brick[7]/userVariable"/>
                  <userVariableName>score</userVariableName>
                </brick>
                <brick type="ShowTextBrick">
                  <commentedOut>false</commentedOut>
                  <formulaList>
                    <formula category="Y_POSITION">
                      <type>NUMBER</type>
                      <value>430</value>
                    </formula>
                    <formula category="X_POSITION">
                      <type>NUMBER</type>
                      <value>75</value>
                    </formula>
                  </formulaList>
                  <userVariable reference="../../../../../../../../scene/objectList/object[2]/scriptList/script/brickList/brick[8]/userVariable"/>
                  <userVariableName>timer</userVariableName>
                </brick>
              </brickList>
              <commentedOut>false</commentedOut>
              <isUserScript>false</isUserScript>
            </script>
            <script type="BroadcastScript">
              <brickList>
                <brick type="RepeatBrick">
                  <commentedOut>false</commentedOut>
                  <formulaList>
                    <formula category="TIMES_TO_REPEAT">
                      <type>USER_VARIABLE</type>
                      <value>timer</value>
                    </formula>
                  </formulaList>
                </brick>
                <brick type="IfLogicBeginBrick">
                  <commentedOut>false</commentedOut>
                  <formulaList>
                    <formula category="IF_CONDITION">
                      <leftChild>
                        <type>USER_VARIABLE</type>
                        <value>curtain open</value>
                      </leftChild>
                      <rightChild>
                        <type>FUNCTION</type>
                        <value>TRUE</value>
                      </rightChild>
                      <type>OPERATOR</type>
                      <value>EQUAL</value>
                    </formula>
                  </formulaList>
                </brick>
                <brick type="WaitBrick">
                  <commentedOut>false</commentedOut>
                  <formulaList>
                    <formula category="TIME_TO_WAIT_IN_SECONDS">
                      <type>NUMBER</type>
                      <value>1.0</value>
                    </formula>
                  </formulaList>
                </brick>
                <brick type="ChangeVariableBrick">
                  <commentedOut>false</commentedOut>
                  <formulaList>
                    <formula category="VARIABLE_CHANGE">
                      <rightChild>
                        <type>NUMBER</type>
                        <value>1</value>
                      </rightChild>
                      <type>OPERATOR</type>
                      <value>MINUS</value>
                    </formula>
                  </formulaList>
                  <userVariable reference="../../../../../../../../scene/objectList/object[2]/scriptList/script/brickList/brick[8]/userVariable"/>
                </brick>
                <brick type="IfLogicElseBrick">
                  <commentedOut>false</commentedOut>
                </brick>
                <brick type="SetVariableBrick">
                  <commentedOut>false</commentedOut>
                  <formulaList>
                    <formula category="VARIABLE">
                      <type>NUMBER</type>
                      <value>3</value>
                    </formula>
                  </formulaList>
                  <userVariable reference="../../../../../../../../scene/objectList/object[2]/scriptList/script/brickList/brick[8]/userVariable"/>
                </brick>
                <brick type="IfLogicEndBrick">
                  <commentedOut>false</commentedOut>
                </brick>
                <brick type="LoopEndBrick">
                  <commentedOut>false</commentedOut>
                </brick>
                <brick type="SetVariableBrick">
                  <commentedOut>false</commentedOut>
                  <formulaList>
                    <formula category="VARIABLE">
                      <type>NUMBER</type>
                      <value>3</value>
                    </formula>
                  </formulaList>
                  <userVariable reference="../../../../../../../../scene/objectList/object[2]/scriptList/script/brickList/brick[8]/userVariable"/>
                </brick>
              </brickList>
              <commentedOut>false</commentedOut>
              <receivedMessage>show timer</receivedMessage>
            </script>
            <script type="BroadcastScript">
              <brickList>
                <brick type="ChangeVariableBrick">
                  <commentedOut>false</commentedOut>
                  <formulaList>
                    <formula category="VARIABLE_CHANGE">
                      <type>NUMBER</type>
                      <value>1</value>
                    </formula>
                  </formulaList>
                  <userVariable reference="../../../../../../../../scene/objectList/object[2]/scriptList/script/brickList/brick[10]/userVariable"/>
                </brick>
                <brick type="IfLogicBeginBrick">
                  <commentedOut>false</commentedOut>
                  <formulaList>
                    <formula category="IF_CONDITION">
                      <leftChild>
                        <type>USER_VARIABLE</type>
                        <value>look number</value>
                      </leftChild>
                      <rightChild>
                        <type>USER_VARIABLE</type>
                        <value>amount of looks</value>
                      </rightChild>
                      <type>OPERATOR</type>
                      <value>GREATER_OR_EQUAL</value>
                    </formula>
                  </formulaList>
                </brick>
                <brick type="WaitBrick">
                  <commentedOut>false</commentedOut>
                  <formulaList>
                    <formula category="TIME_TO_WAIT_IN_SECONDS">
                      <type>NUMBER</type>
                      <value>1.0</value>
                    </formula>
                  </formulaList>
                </brick>
                <brick type="SceneStartBrick">
                  <commentedOut>false</commentedOut>
                  <sceneToStart>End (Last Scene)</sceneToStart>
                </brick>
                <brick type="IfLogicElseBrick">
                  <commentedOut>false</commentedOut>
                </brick>
                <brick type="SetVariableBrick">
                  <commentedOut>false</commentedOut>
                  <formulaList>
                    <formula category="VARIABLE">
                      <leftChild>
                        <type>NUMBER</type>
                        <value>1</value>
                      </leftChild>
                      <rightChild>
                        <type>NUMBER</type>
                        <value>3</value>
                      </rightChild>
                      <type>FUNCTION</type>
                      <value>RAND</value>
                    </formula>
                  </formulaList>
                  <userVariable reference="../../../../script/brickList/brick[3]/userVariable"/>
                </brick>
                <brick type="BroadcastBrick">
                  <commentedOut>false</commentedOut>
                  <broadcastMessage>Switch to next round of looks</broadcastMessage>
                </brick>
                <brick type="IfLogicEndBrick">
                  <commentedOut>false</commentedOut>
                </brick>
              </brickList>
              <commentedOut>false</commentedOut>
              <receivedMessage>define shuffle</receivedMessage>
            </script>
          </scriptList>
          <soundList/>
          <userBricks/>
        </object>
        <object type="GroupItemSprite" name="Curtain left">
          <lookList>
            <look name="Curtain left">
              <fileName>a79731772c4c21c5b83f164efd7a3296_curtain-02.png</fileName>
            </look>
          </lookList>
          <nfcTagList/>
          <scriptList>
            <script type="StartScript">
              <brickList>
                <brick type="SetSizeToBrick">
                  <commentedOut>false</commentedOut>
                  <formulaList>
                    <formula category="SIZE">
                      <type>NUMBER</type>
                      <value>90</value>
                    </formula>
                  </formulaList>
                </brick>
                <brick type="PlaceAtBrick">
                  <commentedOut>false</commentedOut>
                  <formulaList>
                    <formula category="Y_POSITION">
                      <rightChild>
                        <type>NUMBER</type>
                        <value>200</value>
                      </rightChild>
                      <type>OPERATOR</type>
                      <value>MINUS</value>
                    </formula>
                    <formula category="X_POSITION">
                      <rightChild>
                        <type>NUMBER</type>
                        <value>340</value>
                      </rightChild>
                      <type>OPERATOR</type>
                      <value>MINUS</value>
                    </formula>
                  </formulaList>
                </brick>
              </brickList>
              <commentedOut>false</commentedOut>
              <isUserScript>false</isUserScript>
            </script>
            <script type="BroadcastScript">
              <brickList>
                <brick type="GlideToBrick">
                  <commentedOut>false</commentedOut>
                  <formulaList>
                    <formula category="DURATION_IN_SECONDS">
                      <type>NUMBER</type>
                      <value>1</value>
                    </formula>
                    <formula category="Y_DESTINATION">
                      <rightChild>
                        <type>NUMBER</type>
                        <value>200</value>
                      </rightChild>
                      <type>OPERATOR</type>
                      <value>MINUS</value>
                    </formula>
                    <formula category="X_DESTINATION">
                      <rightChild>
                        <type>NUMBER</type>
                        <value>1500</value>
                      </rightChild>
                      <type>OPERATOR</type>
                      <value>MINUS</value>
                    </formula>
                  </formulaList>
                </brick>
                <brick type="SetVariableBrick">
                  <commentedOut>false</commentedOut>
                  <formulaList>
                    <formula category="VARIABLE">
                      <type>FUNCTION</type>
                      <value>TRUE</value>
                    </formula>
                  </formulaList>
                  <userVariable>curtain open</userVariable>
                </brick>
                <brick type="BroadcastBrick">
                  <commentedOut>false</commentedOut>
                  <broadcastMessage>show timer</broadcastMessage>
                </brick>
                <brick type="NoteBrick">
                  <commentedOut>false</commentedOut>
                  <formulaList>
                    <formula category="NOTE">
                      <type>STRING</type>
                      <value>You have 3 seconds to choose a look</value>
                    </formula>
                  </formulaList>
                </brick>
                <brick type="WaitBrick">
                  <commentedOut>false</commentedOut>
                  <formulaList>
                    <formula category="TIME_TO_WAIT_IN_SECONDS">
                      <type>NUMBER</type>
                      <value>3</value>
                    </formula>
                  </formulaList>
                </brick>
                <brick type="BroadcastBrick">
                  <commentedOut>false</commentedOut>
                  <broadcastMessage>close curtains</broadcastMessage>
                </brick>
              </brickList>
              <commentedOut>false</commentedOut>
              <receivedMessage>open curtains</receivedMessage>
            </script>
            <script type="WhenScript">
              <brickList>
                <brick type="BroadcastBrick">
                  <commentedOut>false</commentedOut>
                  <broadcastMessage>open curtains</broadcastMessage>
                </brick>
              </brickList>
              <commentedOut>false</commentedOut>
              <action>Tapped</action>
            </script>
            <script type="BroadcastScript">
              <brickList>
                <brick type="GlideToBrick">
                  <commentedOut>false</commentedOut>
                  <formulaList>
                    <formula category="DURATION_IN_SECONDS">
                      <type>NUMBER</type>
                      <value>0.5</value>
                    </formula>
                    <formula category="Y_DESTINATION">
                      <rightChild>
                        <type>NUMBER</type>
                        <value>200</value>
                      </rightChild>
                      <type>OPERATOR</type>
                      <value>MINUS</value>
                    </formula>
                    <formula category="X_DESTINATION">
                      <rightChild>
                        <type>NUMBER</type>
                        <value>340</value>
                      </rightChild>
                      <type>OPERATOR</type>
                      <value>MINUS</value>
                    </formula>
                  </formulaList>
                </brick>
              </brickList>
              <commentedOut>false</commentedOut>
              <receivedMessage>close curtains</receivedMessage>
            </script>
          </scriptList>
          <soundList/>
          <userBricks/>
        </object>
        <object type="GroupItemSprite" name="Curtain right">
          <lookList>
            <look name="Curtain right">
              <fileName>a79731772c4c21c5b83f164efd7a3296_curtain-02.png</fileName>
            </look>
          </lookList>
          <nfcTagList/>
          <scriptList>
            <script type="StartScript">
              <brickList>
                <brick type="SetSizeToBrick">
                  <commentedOut>false</commentedOut>
                  <formulaList>
                    <formula category="SIZE">
                      <type>NUMBER</type>
                      <value>90</value>
                    </formula>
                  </formulaList>
                </brick>
                <brick type="PlaceAtBrick">
                  <commentedOut>false</commentedOut>
                  <formulaList>
                    <formula category="Y_POSITION">
                      <rightChild>
                        <type>NUMBER</type>
                        <value>200</value>
                      </rightChild>
                      <type>OPERATOR</type>
                      <value>MINUS</value>
                    </formula>
                    <formula category="X_POSITION">
                      <type>NUMBER</type>
                      <value>240</value>
                    </formula>
                  </formulaList>
                </brick>
              </brickList>
              <commentedOut>false</commentedOut>
              <isUserScript>false</isUserScript>
            </script>
            <script type="BroadcastScript">
              <brickList>
                <brick type="GlideToBrick">
                  <commentedOut>false</commentedOut>
                  <formulaList>
                    <formula category="DURATION_IN_SECONDS">
                      <type>NUMBER</type>
                      <value>1</value>
                    </formula>
                    <formula category="Y_DESTINATION">
                      <rightChild>
                        <type>NUMBER</type>
                        <value>200</value>
                      </rightChild>
                      <type>OPERATOR</type>
                      <value>MINUS</value>
                    </formula>
                    <formula category="X_DESTINATION">
                      <type>NUMBER</type>
                      <value>1500</value>
                    </formula>
                  </formulaList>
                </brick>
                <brick type="WaitBrick">
                  <commentedOut>false</commentedOut>
                  <formulaList>
                    <formula category="TIME_TO_WAIT_IN_SECONDS">
                      <type>NUMBER</type>
                      <value>3</value>
                    </formula>
                  </formulaList>
                </brick>
                <brick type="IfThenLogicBeginBrick">
                  <commentedOut>false</commentedOut>
                  <formulaList>
                    <formula category="IF_CONDITION">
                      <leftChild>
                        <type>USER_VARIABLE</type>
                        <value>curtain open</value>
                      </leftChild>
                      <rightChild>
                        <type>FUNCTION</type>
                        <value>TRUE</value>
                      </rightChild>
                      <type>OPERATOR</type>
                      <value>EQUAL</value>
                    </formula>
                  </formulaList>
                </brick>
                <brick type="BroadcastBrick">
                  <commentedOut>false</commentedOut>
                  <broadcastMessage>answer wrong</broadcastMessage>
                </brick>
                <brick type="IfThenLogicEndBrick">
                  <commentedOut>false</commentedOut>
                </brick>
                <brick type="BroadcastBrick">
                  <commentedOut>false</commentedOut>
                  <broadcastMessage>close curtains</broadcastMessage>
                </brick>
              </brickList>
              <commentedOut>false</commentedOut>
              <receivedMessage>open curtains</receivedMessage>
            </script>
            <script type="WhenScript">
              <brickList>
                <brick type="BroadcastBrick">
                  <commentedOut>false</commentedOut>
                  <broadcastMessage>open curtains</broadcastMessage>
                </brick>
              </brickList>
              <commentedOut>false</commentedOut>
              <action>Tapped</action>
            </script>
            <script type="BroadcastScript">
              <brickList>
                <brick type="SetVariableBrick">
                  <commentedOut>false</commentedOut>
                  <formulaList>
                    <formula category="VARIABLE">
                      <type>FUNCTION</type>
                      <value>FALSE</value>
                    </formula>
                  </formulaList>
                  <userVariable reference="../../../../../../object[9]/scriptList/script[2]/brickList/brick[2]/userVariable"/>
                </brick>
                <brick type="GlideToBrick">
                  <commentedOut>false</commentedOut>
                  <formulaList>
                    <formula category="DURATION_IN_SECONDS">
                      <type>NUMBER</type>
                      <value>0.5</value>
                    </formula>
                    <formula category="Y_DESTINATION">
                      <rightChild>
                        <type>NUMBER</type>
                        <value>200</value>
                      </rightChild>
                      <type>OPERATOR</type>
                      <value>MINUS</value>
                    </formula>
                    <formula category="X_DESTINATION">
                      <type>NUMBER</type>
                      <value>240</value>
                    </formula>
                  </formulaList>
                </brick>
              </brickList>
              <commentedOut>false</commentedOut>
              <receivedMessage>close curtains</receivedMessage>
            </script>
          </scriptList>
          <soundList/>
          <userBricks/>
        </object>
      </objectList>
      <data>
        <objectListOfList>
          <entry>
            <object reference="../../../../objectList/object[9]"/>
            <list/>
          </entry>
          <entry>
            <object reference="../../../../objectList/object[7]"/>
            <list/>
          </entry>
          <entry>
            <object reference="../../../../objectList/object[4]"/>
            <list/>
          </entry>
          <entry>
            <object reference="../../../../objectList/object[5]"/>
            <list/>
          </entry>
          <entry>
            <object reference="../../../../objectList/object[8]"/>
            <list/>
          </entry>
          <entry>
            <object reference="../../../../objectList/object[10]"/>
            <list/>
          </entry>
          <entry>
            <object reference="../../../../objectList/object[3]"/>
            <list/>
          </entry>
        </objectListOfList>
        <objectVariableList>
          <entry>
            <object reference="../../../../objectList/object[9]"/>
            <list/>
          </entry>
          <entry>
            <object reference="../../../../objectList/object[7]"/>
            <list/>
          </entry>
          <entry>
            <object reference="../../../../objectList/object[4]"/>
            <list/>
          </entry>
          <entry>
            <object reference="../../../../objectList/object[5]"/>
            <list/>
          </entry>
          <entry>
            <object reference="../../../../objectList/object[8]"/>
            <list/>
          </entry>
          <entry>
            <object reference="../../../../objectList/object[10]"/>
            <list/>
          </entry>
          <entry>
            <object reference="../../../../objectList/object[3]"/>
            <list/>
          </entry>
        </objectVariableList>
        <userBrickVariableList/>
      </data>
      <originalWidth>1200</originalWidth>
      <originalHeight>1824</originalHeight>
    </scene>
    <scene>
      <name>End (Last Scene)</name>
      <objectList>
        <object type="SingleSprite" name="Background">
          <lookList>
            <look name="end">
              <fileName>c06bc04736589ed958814019493f18b6_title-screen-landscape-endscreen.png</fileName>
            </look>
          </lookList>
          <nfcTagList/>
          <scriptList/>
          <soundList/>
          <userBricks/>
        </object>
        <object type="SingleSprite" name="Button Play Again">
          <lookList>
            <look name="Button Play Again1">
              <fileName>44e247ca707af1e0721e673d9b66b3e1_Button Play Again1.png</fileName>
            </look>
          </lookList>
          <nfcTagList/>
          <scriptList>
            <script type="WhenScript">
              <brickList>
                <brick type="SetVariableBrick">
                  <commentedOut>false</commentedOut>
                  <formulaList>
                    <formula category="VARIABLE">
                      <type>NUMBER</type>
                      <value>0</value>
                    </formula>
                  </formulaList>
                  <userVariable reference="../../../../../../../../scene/objectList/object[2]/scriptList/script/brickList/brick[7]/userVariable"/>
                </brick>
                <brick type="SetVariableBrick">
                  <commentedOut>false</commentedOut>
                  <formulaList>
                    <formula category="VARIABLE">
                      <type>NUMBER</type>
                      <value>0</value>
                    </formula>
                  </formulaList>
                  <userVariable reference="../../../../../../../../scene/objectList/object[2]/scriptList/script/brickList/brick[10]/userVariable"/>
                </brick>
                <brick type="SetVariableBrick">
                  <commentedOut>false</commentedOut>
                  <formulaList>
                    <formula category="VARIABLE">
                      <type>NUMBER</type>
                      <value>3</value>
                    </formula>
                  </formulaList>
                  <userVariable reference="../../../../../../../../scene/objectList/object[2]/scriptList/script/brickList/brick[8]/userVariable"/>
                </brick>
                <brick type="SceneStartBrick">
                  <commentedOut>false</commentedOut>
                  <sceneToStart>Puzzle (add looks)</sceneToStart>
                </brick>
              </brickList>
              <commentedOut>false</commentedOut>
              <action>Tapped</action>
            </script>
            <script type="StartScript">
              <brickList>
                <brick type="PlaceAtBrick">
                  <commentedOut>false</commentedOut>
                  <formulaList>
                    <formula category="Y_POSITION">
                      <rightChild>
                        <type>NUMBER</type>
                        <value>300</value>
                      </rightChild>
                      <type>OPERATOR</type>
                      <value>MINUS</value>
                    </formula>
                    <formula category="X_POSITION">
                      <type>NUMBER</type>
                      <value>500</value>
                    </formula>
                  </formulaList>
                </brick>
              </brickList>
              <commentedOut>false</commentedOut>
              <isUserScript>false</isUserScript>
            </script>
          </scriptList>
          <soundList/>
          <userBricks/>
        </object>
      </objectList>
      <data>
        <objectListOfList>
          <entry>
            <object reference="../../../../objectList/object"/>
            <list/>
          </entry>
          <entry>
            <object reference="../../../../objectList/object[2]"/>
            <list/>
          </entry>
        </objectListOfList>
        <objectVariableList>
          <entry>
            <object reference="../../../../objectList/object"/>
            <list/>
          </entry>
          <entry>
            <object reference="../../../../../scene[2]/objectList/object[10]"/>
            <list/>
          </entry>
          <entry>
            <object reference="../../../../objectList/object[2]"/>
            <list/>
          </entry>
        </objectVariableList>
        <userBrickVariableList/>
      </data>
      <originalWidth>1200</originalWidth>
      <originalHeight>1824</originalHeight>
    </scene>
  </scenes>
  <programVariableList>
    <userVariable reference="../../scenes/scene/objectList/object[2]/scriptList/script/brickList/brick[7]/userVariable"/>
    <userVariable reference="../../scenes/scene[2]/objectList/object[8]/scriptList/script/brickList/brick[3]/userVariable"/>
    <userVariable reference="../../scenes/scene/objectList/object[2]/scriptList/script/brickList/brick[2]/userVariable"/>
    <userVariable reference="../../scenes/scene/objectList/object[2]/scriptList/script/brickList/brick[3]/userVariable"/>
    <userVariable reference="../../scenes/scene/objectList/object[2]/scriptList/script/brickList/brick[4]/userVariable"/>
    <userVariable reference="../../scenes/scene/objectList/object[2]/scriptList/script/brickList/brick[8]/userVariable"/>
    <userVariable reference="../../scenes/scene[2]/objectList/object[9]/scriptList/script[2]/brickList/brick[2]/userVariable"/>
    <userVariable reference="../../scenes/scene/objectList/object[2]/scriptList/script/brickList/brick[6]/userVariable"/>
    <userVariable reference="../../scenes/scene/objectList/object[2]/scriptList/script/brickList/brick[10]/userVariable"/>
    <userVariable>image nr 2</userVariable>
    <userVariable>image nr 3</userVariable>
  </programVariableList>
  <programListOfLists/>
</program>