<?xml version="1.0" encoding="UTF-8" standalone="yes" ?>
<program>
  <header>
    <applicationBuildName></applicationBuildName>
    <applicationBuildNumber>0</applicationBuildNumber>
    <applicationName>Pocket Code</applicationName>
    <applicationVersion>0.9.27</applicationVersion>
    <catrobatLanguageVersion>0.993</catrobatLanguageVersion>
    <dateTimeUpload></dateTimeUpload>
    <description>Drive your phiro by pressing button or by tilting your phone. </description>
    <deviceName>GT-I9500</deviceName>
    <landscapeMode>true</landscapeMode>
    <mediaLicense>http://developer.catrobat.org/ccbysa_v4</mediaLicense>
    <platform>Android</platform>
    <platformVersion>21.0</platformVersion>
    <programLicense>http://developer.catrobat.org/agpl_v3</programLicense>
    <programName>BETT DRIVE APP</programName>
    <remixOf></remixOf>
    <scenesEnabled>true</scenesEnabled>
    <screenHeight>1080</screenHeight>
    <screenMode>STRETCH</screenMode>
    <screenWidth>1920</screenWidth>
    <tags>Experimental,Game</tags>
    <url>/pocketcode/program/21837</url>
    <userHandle>Phiro</userHandle>
  </header>
  <settings/>
  <scenes>
    <scene>
      <name>Scene 1</name>
      <objectList>
        <object type="SingleSprite" name="Background">
          <lookList>
            <look name="BG1">
              <fileName>255a4d317169896bdbf64c41c398b804_BG1.png</fileName>
            </look>
            <look name="tilt">
              <fileName>d3835f1dc8190e6f9a98f5108cd84bc5_BG3.png</fileName>
            </look>
            <look name="tap">
              <fileName>88e035826625dc85542b9bb3ea67c175_BG2.png</fileName>
            </look>
          </lookList>
          <nfcTagList/>
          <scriptList>
            <script type="StartScript">
              <brickList>
                <brick type="SetVariableBrick">
                  <commentedOut>false</commentedOut>
                  <formulaList>
                    <formula category="VARIABLE">
                      <type>NUMBER</type>
                      <value>1.0</value>
                    </formula>
                  </formulaList>
                  <userVariable>mode </userVariable>
                </brick>
                <brick type="SetLookBrick">
                  <commentedOut>false</commentedOut>
                  <look reference="../../../../../lookList/look"/>
                </brick>
              </brickList>
              <commentedOut>false</commentedOut>
              <isUserScript>false</isUserScript>
            </script>
            <script type="BroadcastScript">
              <brickList>
                <brick type="SetLookBrick">
                  <commentedOut>false</commentedOut>
                  <look reference="../../../../../lookList/look[3]"/>
                </brick>
                <brick type="SetVariableBrick">
                  <commentedOut>false</commentedOut>
                  <formulaList>
                    <formula category="VARIABLE">
                      <type>NUMBER</type>
                      <value>30</value>
                    </formula>
                  </formulaList>
                  <userVariable>speed</userVariable>
                </brick>
              </brickList>
              <commentedOut>false</commentedOut>
              <receivedMessage>tap mode</receivedMessage>
            </script>
            <script type="BroadcastScript">
              <brickList>
                <brick type="SetLookBrick">
                  <commentedOut>false</commentedOut>
                  <look reference="../../../../../lookList/look[2]"/>
                </brick>
                <brick type="SetVariableBrick">
                  <commentedOut>false</commentedOut>
                  <formulaList>
                    <formula category="VARIABLE">
                      <type>NUMBER</type>
                      <value>30</value>
                    </formula>
                  </formulaList>
                  <userVariable reference="../../../../script[2]/brickList/brick[2]/userVariable"/>
                </brick>
              </brickList>
              <commentedOut>false</commentedOut>
              <receivedMessage>tilt mode</receivedMessage>
            </script>
          </scriptList>
          <soundList/>
          <userBricks/>
        </object>
        <object type="SingleSprite" name="Tap to Drive">
          <lookList>
            <look name="Tap to Drive">
              <fileName>e4fdb1a1d4798acde2cd984e38285472_Tap to Drive.png</fileName>
            </look>
          </lookList>
          <nfcTagList/>
          <scriptList>
            <script type="StartScript">
              <brickList>
                <brick type="ShowBrick">
                  <commentedOut>false</commentedOut>
                </brick>
                <brick type="PlaceAtBrick">
                  <commentedOut>false</commentedOut>
                  <formulaList>
                    <formula category="Y_POSITION">
                      <rightChild>
                        <type>NUMBER</type>
                        <value>50</value>
                      </rightChild>
                      <type>OPERATOR</type>
                      <value>MINUS</value>
                    </formula>
                    <formula category="X_POSITION">
                      <rightChild>
                        <type>NUMBER</type>
                        <value>500</value>
                      </rightChild>
                      <type>OPERATOR</type>
                      <value>MINUS</value>
                    </formula>
                  </formulaList>
                </brick>
                <brick type="SetSizeToBrick">
                  <commentedOut>false</commentedOut>
                  <formulaList>
                    <formula category="SIZE">
                      <type>NUMBER</type>
                      <value>45</value>
                    </formula>
                  </formulaList>
                </brick>
              </brickList>
              <commentedOut>false</commentedOut>
              <isUserScript>false</isUserScript>
            </script>
            <script type="WhenScript">
              <brickList>
                <brick type="SetVariableBrick">
                  <commentedOut>false</commentedOut>
                  <formulaList>
                    <formula category="VARIABLE">
                      <type>NUMBER</type>
                      <value>1.0</value>
                    </formula>
                  </formulaList>
                  <userVariable reference="../../../../../../object/scriptList/script/brickList/brick/userVariable"/>
                </brick>
                <brick type="BroadcastWaitBrick">
                  <commentedOut>false</commentedOut>
                  <broadcastMessage>tap mode</broadcastMessage>
                </brick>
              </brickList>
              <commentedOut>false</commentedOut>
              <action>Tapped</action>
            </script>
            <script type="BroadcastScript">
              <brickList>
                <brick type="HideBrick">
                  <commentedOut>false</commentedOut>
                </brick>
              </brickList>
              <commentedOut>false</commentedOut>
              <receivedMessage>tap mode</receivedMessage>
            </script>
            <script type="BroadcastScript">
              <brickList>
                <brick type="HideBrick">
                  <commentedOut>false</commentedOut>
                </brick>
              </brickList>
              <commentedOut>false</commentedOut>
              <receivedMessage>tilt mode</receivedMessage>
            </script>
          </scriptList>
          <soundList/>
          <userBricks/>
        </object>
        <object type="SingleSprite" name="Tilt to Drive">
          <lookList>
            <look name="Tilt to Drive">
              <fileName>7b89c3163dd27fce9bf38222da9075d1_Tilt to Drive.png</fileName>
            </look>
          </lookList>
          <nfcTagList/>
          <scriptList>
            <script type="StartScript">
              <brickList>
                <brick type="ShowBrick">
                  <commentedOut>false</commentedOut>
                </brick>
                <brick type="PlaceAtBrick">
                  <commentedOut>false</commentedOut>
                  <formulaList>
                    <formula category="Y_POSITION">
                      <rightChild>
                        <type>NUMBER</type>
                        <value>50</value>
                      </rightChild>
                      <type>OPERATOR</type>
                      <value>MINUS</value>
                    </formula>
                    <formula category="X_POSITION">
                      <type>NUMBER</type>
                      <value>500</value>
                    </formula>
                  </formulaList>
                </brick>
                <brick type="SetSizeToBrick">
                  <commentedOut>false</commentedOut>
                  <formulaList>
                    <formula category="SIZE">
                      <type>NUMBER</type>
                      <value>45</value>
                    </formula>
                  </formulaList>
                </brick>
              </brickList>
              <commentedOut>false</commentedOut>
              <isUserScript>false</isUserScript>
            </script>
            <script type="WhenScript">
              <brickList>
                <brick type="SetVariableBrick">
                  <commentedOut>false</commentedOut>
                  <formulaList>
                    <formula category="VARIABLE">
                      <type>NUMBER</type>
                      <value>2</value>
                    </formula>
                  </formulaList>
                  <userVariable reference="../../../../../../object/scriptList/script/brickList/brick/userVariable"/>
                </brick>
                <brick type="BroadcastWaitBrick">
                  <commentedOut>false</commentedOut>
                  <broadcastMessage>tilt mode</broadcastMessage>
                </brick>
              </brickList>
              <commentedOut>false</commentedOut>
              <action>Tapped</action>
            </script>
            <script type="BroadcastScript">
              <brickList>
                <brick type="HideBrick">
                  <commentedOut>false</commentedOut>
                </brick>
              </brickList>
              <commentedOut>false</commentedOut>
              <receivedMessage>tap mode</receivedMessage>
            </script>
            <script type="BroadcastScript">
              <brickList>
                <brick type="HideBrick">
                  <commentedOut>false</commentedOut>
                </brick>
              </brickList>
              <commentedOut>false</commentedOut>
              <receivedMessage>tilt mode</receivedMessage>
            </script>
          </scriptList>
          <soundList/>
          <userBricks/>
        </object>
        <object type="SingleSprite" name="speed inc button - Copy">
          <lookList>
            <look name="speed inc button - Copy">
              <fileName>d60f2a69faee7b11ab6a0debf231cbeb_speed inc button - Copy.png</fileName>
            </look>
          </lookList>
          <nfcTagList/>
          <scriptList>
            <script type="StartScript">
              <brickList>
                <brick type="HideBrick">
                  <commentedOut>false</commentedOut>
                </brick>
              </brickList>
              <commentedOut>false</commentedOut>
              <isUserScript>false</isUserScript>
            </script>
            <script type="BroadcastScript">
              <brickList>
                <brick type="ShowBrick">
                  <commentedOut>false</commentedOut>
                </brick>
                <brick type="SetSizeToBrick">
                  <commentedOut>false</commentedOut>
                  <formulaList>
                    <formula category="SIZE">
                      <type>NUMBER</type>
                      <value>20</value>
                    </formula>
                  </formulaList>
                </brick>
                <brick type="PlaceAtBrick">
                  <commentedOut>false</commentedOut>
                  <formulaList>
                    <formula category="Y_POSITION">
                      <type>NUMBER</type>
                      <value>200</value>
                    </formula>
                    <formula category="X_POSITION">
                      <type>NUMBER</type>
                      <value>420</value>
                    </formula>
                  </formulaList>
                </brick>
              </brickList>
              <commentedOut>false</commentedOut>
              <receivedMessage>tap mode</receivedMessage>
            </script>
            <script type="BroadcastScript">
              <brickList>
                <brick type="ShowBrick">
                  <commentedOut>false</commentedOut>
                </brick>
                <brick type="SetSizeToBrick">
                  <commentedOut>false</commentedOut>
                  <formulaList>
                    <formula category="SIZE">
                      <type>NUMBER</type>
                      <value>20</value>
                    </formula>
                  </formulaList>
                </brick>
                <brick type="PlaceAtBrick">
                  <commentedOut>false</commentedOut>
                  <formulaList>
                    <formula category="Y_POSITION">
                      <rightChild>
                        <type>NUMBER</type>
                        <value>290</value>
                      </rightChild>
                      <type>OPERATOR</type>
                      <value>MINUS</value>
                    </formula>
                    <formula category="X_POSITION">
                      <type>NUMBER</type>
                      <value>700</value>
                    </formula>
                  </formulaList>
                </brick>
              </brickList>
              <commentedOut>false</commentedOut>
              <receivedMessage>tilt mode</receivedMessage>
            </script>
            <script type="WhenScript">
              <brickList>
                <brick type="SetSizeToBrick">
                  <commentedOut>false</commentedOut>
                  <formulaList>
                    <formula category="SIZE">
                      <type>NUMBER</type>
                      <value>25</value>
                    </formula>
                  </formulaList>
                </brick>
                <brick type="WaitBrick">
                  <commentedOut>false</commentedOut>
                  <formulaList>
                    <formula category="TIME_TO_WAIT_IN_SECONDS">
                      <type>NUMBER</type>
                      <value>0.5</value>
                    </formula>
                  </formulaList>
                </brick>
                <brick type="SetSizeToBrick">
                  <commentedOut>false</commentedOut>
                  <formulaList>
                    <formula category="SIZE">
                      <type>NUMBER</type>
                      <value>20</value>
                    </formula>
                  </formulaList>
                </brick>
              </brickList>
              <commentedOut>false</commentedOut>
              <action>Tapped</action>
            </script>
            <script type="WhenScript">
              <brickList>
                <brick type="IfLogicBeginBrick">
                  <commentedOut>false</commentedOut>
                  <formulaList>
                    <formula category="IF_CONDITION">
                      <leftChild>
                        <type>USER_VARIABLE</type>
                        <value>speed</value>
                      </leftChild>
                      <rightChild>
                        <type>NUMBER</type>
                        <value>100</value>
                      </rightChild>
                      <type>OPERATOR</type>
                      <value>GREATER_OR_EQUAL</value>
                    </formula>
                  </formulaList>
                </brick>
                <brick type="ChangeVariableBrick">
                  <commentedOut>false</commentedOut>
                  <formulaList>
                    <formula category="VARIABLE_CHANGE">
                      <type>NUMBER</type>
                      <value>0</value>
                    </formula>
                  </formulaList>
                  <userVariable reference="../../../../../../object/scriptList/script[2]/brickList/brick[2]/userVariable"/>
                </brick>
                <brick type="IfLogicElseBrick">
                  <commentedOut>false</commentedOut>
                </brick>
                <brick type="BroadcastWaitBrick">
                  <commentedOut>false</commentedOut>
                  <broadcastMessage>increase angle</broadcastMessage>
                </brick>
                <brick type="ChangeVariableBrick">
                  <commentedOut>false</commentedOut>
                  <formulaList>
                    <formula category="VARIABLE_CHANGE">
                      <type>NUMBER</type>
                      <value>7</value>
                    </formula>
                  </formulaList>
                  <userVariable reference="../../../../../../object/scriptList/script[2]/brickList/brick[2]/userVariable"/>
                </brick>
                <brick type="IfLogicEndBrick">
                  <commentedOut>false</commentedOut>
                </brick>
              </brickList>
              <commentedOut>false</commentedOut>
              <action>Tapped</action>
            </script>
          </scriptList>
          <soundList/>
          <userBricks/>
        </object>
        <object type="SingleSprite" name="speed decrease button - Copy">
          <lookList>
            <look name="speed dec button - Copy">
              <fileName>264ff67a4dc3fccd37c16bb54288bf7d_speed dec button - Copy.png</fileName>
            </look>
          </lookList>
          <nfcTagList/>
          <scriptList>
            <script type="StartScript">
              <brickList>
                <brick type="HideBrick">
                  <commentedOut>false</commentedOut>
                </brick>
              </brickList>
              <commentedOut>false</commentedOut>
              <isUserScript>false</isUserScript>
            </script>
            <script type="BroadcastScript">
              <brickList>
                <brick type="ShowBrick">
                  <commentedOut>false</commentedOut>
                </brick>
                <brick type="SetSizeToBrick">
                  <commentedOut>false</commentedOut>
                  <formulaList>
                    <formula category="SIZE">
                      <type>NUMBER</type>
                      <value>20</value>
                    </formula>
                  </formulaList>
                </brick>
                <brick type="PlaceAtBrick">
                  <commentedOut>false</commentedOut>
                  <formulaList>
                    <formula category="Y_POSITION">
                      <type>NUMBER</type>
                      <value>200</value>
                    </formula>
                    <formula category="X_POSITION">
                      <rightChild>
                        <type>NUMBER</type>
                        <value>530</value>
                      </rightChild>
                      <type>OPERATOR</type>
                      <value>MINUS</value>
                    </formula>
                  </formulaList>
                </brick>
              </brickList>
              <commentedOut>false</commentedOut>
              <receivedMessage>tap mode</receivedMessage>
            </script>
            <script type="BroadcastScript">
              <brickList>
                <brick type="ShowBrick">
                  <commentedOut>false</commentedOut>
                </brick>
                <brick type="SetSizeToBrick">
                  <commentedOut>false</commentedOut>
                  <formulaList>
                    <formula category="SIZE">
                      <type>NUMBER</type>
                      <value>20</value>
                    </formula>
                  </formulaList>
                </brick>
                <brick type="PlaceAtBrick">
                  <commentedOut>false</commentedOut>
                  <formulaList>
                    <formula category="Y_POSITION">
                      <rightChild>
                        <type>NUMBER</type>
                        <value>290</value>
                      </rightChild>
                      <type>OPERATOR</type>
                      <value>MINUS</value>
                    </formula>
                    <formula category="X_POSITION">
                      <rightChild>
                        <type>NUMBER</type>
                        <value>700</value>
                      </rightChild>
                      <type>OPERATOR</type>
                      <value>MINUS</value>
                    </formula>
                  </formulaList>
                </brick>
              </brickList>
              <commentedOut>false</commentedOut>
              <receivedMessage>tilt mode</receivedMessage>
            </script>
            <script type="WhenScript">
              <brickList>
                <brick type="SetSizeToBrick">
                  <commentedOut>false</commentedOut>
                  <formulaList>
                    <formula category="SIZE">
                      <type>NUMBER</type>
                      <value>25</value>
                    </formula>
                  </formulaList>
                </brick>
                <brick type="WaitBrick">
                  <commentedOut>false</commentedOut>
                  <formulaList>
                    <formula category="TIME_TO_WAIT_IN_SECONDS">
                      <type>NUMBER</type>
                      <value>0.5</value>
                    </formula>
                  </formulaList>
                </brick>
                <brick type="SetSizeToBrick">
                  <commentedOut>false</commentedOut>
                  <formulaList>
                    <formula category="SIZE">
                      <type>NUMBER</type>
                      <value>20</value>
                    </formula>
                  </formulaList>
                </brick>
              </brickList>
              <commentedOut>false</commentedOut>
              <action>Tapped</action>
            </script>
            <script type="WhenScript">
              <brickList>
                <brick type="IfLogicBeginBrick">
                  <commentedOut>false</commentedOut>
                  <formulaList>
                    <formula category="IF_CONDITION">
                      <leftChild>
                        <type>USER_VARIABLE</type>
                        <value>speed</value>
                      </leftChild>
                      <rightChild>
                        <type>NUMBER</type>
                        <value>30</value>
                      </rightChild>
                      <type>OPERATOR</type>
                      <value>SMALLER_OR_EQUAL</value>
                    </formula>
                  </formulaList>
                </brick>
                <brick type="ChangeVariableBrick">
                  <commentedOut>false</commentedOut>
                  <formulaList>
                    <formula category="VARIABLE_CHANGE">
                      <type>NUMBER</type>
                      <value>0</value>
                    </formula>
                  </formulaList>
                  <userVariable reference="../../../../../../object/scriptList/script[2]/brickList/brick[2]/userVariable"/>
                </brick>
                <brick type="IfLogicElseBrick">
                  <commentedOut>false</commentedOut>
                </brick>
                <brick type="BroadcastWaitBrick">
                  <commentedOut>false</commentedOut>
                  <broadcastMessage>decrease angle</broadcastMessage>
                </brick>
                <brick type="ChangeVariableBrick">
                  <commentedOut>false</commentedOut>
                  <formulaList>
                    <formula category="VARIABLE_CHANGE">
                      <rightChild>
                        <type>NUMBER</type>
                        <value>7</value>
                      </rightChild>
                      <type>OPERATOR</type>
                      <value>MINUS</value>
                    </formula>
                  </formulaList>
                  <userVariable reference="../../../../../../object/scriptList/script[2]/brickList/brick[2]/userVariable"/>
                </brick>
                <brick type="IfLogicEndBrick">
                  <commentedOut>false</commentedOut>
                </brick>
              </brickList>
              <commentedOut>false</commentedOut>
              <action>Tapped</action>
            </script>
          </scriptList>
          <soundList/>
          <userBricks/>
        </object>
        <object type="SingleSprite" name="button tap mode">
          <lookList>
            <look name="button tap mode">
              <fileName>b0f4c99a952027f7e86d2f560c187522_button tap mode.png</fileName>
            </look>
          </lookList>
          <nfcTagList/>
          <scriptList>
            <script type="StartScript">
              <brickList>
                <brick type="HideBrick">
                  <commentedOut>false</commentedOut>
                </brick>
                <brick type="SetSizeToBrick">
                  <commentedOut>false</commentedOut>
                  <formulaList>
                    <formula category="SIZE">
                      <type>NUMBER</type>
                      <value>30</value>
                    </formula>
                  </formulaList>
                </brick>
              </brickList>
              <commentedOut>false</commentedOut>
              <isUserScript>false</isUserScript>
            </script>
            <script type="WhenScript">
              <brickList>
                <brick type="BroadcastWaitBrick">
                  <commentedOut>false</commentedOut>
                  <broadcastMessage>tilt mode</broadcastMessage>
                </brick>
                <brick type="SetVariableBrick">
                  <commentedOut>false</commentedOut>
                  <formulaList>
                    <formula category="VARIABLE">
                      <type>NUMBER</type>
                      <value>2</value>
                    </formula>
                  </formulaList>
                  <userVariable reference="../../../../../../object/scriptList/script/brickList/brick/userVariable"/>
                </brick>
                <brick type="PhiroMotorStopBrick">
                  <commentedOut>false</commentedOut>
                  <motor>MOTOR_BOTH</motor>
                </brick>
              </brickList>
              <commentedOut>false</commentedOut>
              <action>Tapped</action>
            </script>
            <script type="BroadcastScript">
              <brickList>
                <brick type="HideBrick">
                  <commentedOut>false</commentedOut>
                </brick>
              </brickList>
              <commentedOut>false</commentedOut>
              <receivedMessage>tilt mode</receivedMessage>
            </script>
            <script type="BroadcastScript">
              <brickList>
                <brick type="ShowBrick">
                  <commentedOut>false</commentedOut>
                </brick>
                <brick type="PlaceAtBrick">
                  <commentedOut>false</commentedOut>
                  <formulaList>
                    <formula category="Y_POSITION">
                      <type>NUMBER</type>
                      <value>180</value>
                    </formula>
                    <formula category="X_POSITION">
                      <rightChild>
                        <type>NUMBER</type>
                        <value>820</value>
                      </rightChild>
                      <type>OPERATOR</type>
                      <value>MINUS</value>
                    </formula>
                  </formulaList>
                </brick>
              </brickList>
              <commentedOut>false</commentedOut>
              <receivedMessage>tap mode</receivedMessage>
            </script>
          </scriptList>
          <soundList/>
          <userBricks/>
        </object>
        <object type="SingleSprite" name="button tilt mode">
          <lookList>
            <look name="button tap mode">
              <fileName>b0f4c99a952027f7e86d2f560c187522_button tap mode.png</fileName>
            </look>
          </lookList>
          <nfcTagList/>
          <scriptList>
            <script type="StartScript">
              <brickList>
                <brick type="HideBrick">
                  <commentedOut>false</commentedOut>
                </brick>
                <brick type="SetSizeToBrick">
                  <commentedOut>false</commentedOut>
                  <formulaList>
                    <formula category="SIZE">
                      <type>NUMBER</type>
                      <value>30</value>
                    </formula>
                  </formulaList>
                </brick>
              </brickList>
              <commentedOut>false</commentedOut>
              <isUserScript>false</isUserScript>
            </script>
            <script type="WhenScript">
              <brickList>
                <brick type="BroadcastWaitBrick">
                  <commentedOut>false</commentedOut>
                  <broadcastMessage>tap mode</broadcastMessage>
                </brick>
                <brick type="SetVariableBrick">
                  <commentedOut>false</commentedOut>
                  <formulaList>
                    <formula category="VARIABLE">
                      <type>NUMBER</type>
                      <value>1</value>
                    </formula>
                  </formulaList>
                  <userVariable reference="../../../../../../object/scriptList/script/brickList/brick/userVariable"/>
                </brick>
                <brick type="PhiroMotorStopBrick">
                  <commentedOut>false</commentedOut>
                  <motor>MOTOR_BOTH</motor>
                </brick>
              </brickList>
              <commentedOut>false</commentedOut>
              <action>Tapped</action>
            </script>
            <script type="BroadcastScript">
              <brickList>
                <brick type="HideBrick">
                  <commentedOut>false</commentedOut>
                </brick>
              </brickList>
              <commentedOut>false</commentedOut>
              <receivedMessage>tap mode</receivedMessage>
            </script>
            <script type="BroadcastScript">
              <brickList>
                <brick type="ShowBrick">
                  <commentedOut>false</commentedOut>
                </brick>
                <brick type="PlaceAtBrick">
                  <commentedOut>false</commentedOut>
                  <formulaList>
                    <formula category="Y_POSITION">
                      <type>NUMBER</type>
                      <value>180</value>
                    </formula>
                    <formula category="X_POSITION">
                      <rightChild>
                        <type>NUMBER</type>
                        <value>820</value>
                      </rightChild>
                      <type>OPERATOR</type>
                      <value>MINUS</value>
                    </formula>
                  </formulaList>
                </brick>
              </brickList>
              <commentedOut>false</commentedOut>
              <receivedMessage>tilt mode</receivedMessage>
            </script>
            <script type="StartScript">
              <brickList>
                <brick type="ForeverBrick">
                  <commentedOut>false</commentedOut>
                </brick>
                <brick type="IfLogicBeginBrick">
                  <commentedOut>false</commentedOut>
                  <formulaList>
                    <formula category="IF_CONDITION">
                      <leftChild>
                        <type>USER_VARIABLE</type>
                        <value>mode </value>
                      </leftChild>
                      <rightChild>
                        <type>NUMBER</type>
                        <value>2</value>
                      </rightChild>
                      <type>OPERATOR</type>
                      <value>EQUAL</value>
                    </formula>
                  </formulaList>
                </brick>
                <brick type="IfLogicBeginBrick">
                  <commentedOut>false</commentedOut>
                  <formulaList>
                    <formula category="IF_CONDITION">
                      <leftChild>
                        <type>SENSOR</type>
                        <value>X_INCLINATION</value>
                      </leftChild>
                      <rightChild>
                        <rightChild>
                          <type>NUMBER</type>
                          <value>20</value>
                        </rightChild>
                        <type>OPERATOR</type>
                        <value>MINUS</value>
                      </rightChild>
                      <type>OPERATOR</type>
                      <value>SMALLER_THAN</value>
                    </formula>
                  </formulaList>
                </brick>
                <brick type="PhiroMotorMoveForwardBrick">
                  <commentedOut>false</commentedOut>
                  <formulaList>
                    <formula category="PHIRO_SPEED">
                      <type>USER_VARIABLE</type>
                      <value>speed</value>
                    </formula>
                  </formulaList>
                  <motor>MOTOR_LEFT</motor>
                </brick>
                <brick type="PhiroMotorMoveBackwardBrick">
                  <commentedOut>false</commentedOut>
                  <formulaList>
                    <formula category="PHIRO_SPEED">
                      <type>USER_VARIABLE</type>
                      <value>speed</value>
                    </formula>
                  </formulaList>
                  <motor>MOTOR_RIGHT</motor>
                </brick>
                <brick type="IfLogicElseBrick">
                  <commentedOut>false</commentedOut>
                </brick>
                <brick type="IfLogicBeginBrick">
                  <commentedOut>false</commentedOut>
                  <formulaList>
                    <formula category="IF_CONDITION">
                      <leftChild>
                        <type>SENSOR</type>
                        <value>X_INCLINATION</value>
                      </leftChild>
                      <rightChild>
                        <type>NUMBER</type>
                        <value>20</value>
                      </rightChild>
                      <type>OPERATOR</type>
                      <value>GREATER_THAN</value>
                    </formula>
                  </formulaList>
                </brick>
                <brick type="PhiroMotorMoveForwardBrick">
                  <commentedOut>false</commentedOut>
                  <formulaList>
                    <formula category="PHIRO_SPEED">
                      <type>USER_VARIABLE</type>
                      <value>speed</value>
                    </formula>
                  </formulaList>
                  <motor>MOTOR_RIGHT</motor>
                </brick>
                <brick type="PhiroMotorMoveBackwardBrick">
                  <commentedOut>false</commentedOut>
                  <formulaList>
                    <formula category="PHIRO_SPEED">
                      <type>USER_VARIABLE</type>
                      <value>speed</value>
                    </formula>
                  </formulaList>
                  <motor>MOTOR_LEFT</motor>
                </brick>
                <brick type="IfLogicElseBrick">
                  <commentedOut>false</commentedOut>
                </brick>
                <brick type="IfLogicBeginBrick">
                  <commentedOut>false</commentedOut>
                  <formulaList>
                    <formula category="IF_CONDITION">
                      <leftChild>
                        <type>SENSOR</type>
                        <value>Y_INCLINATION</value>
                      </leftChild>
                      <rightChild>
                        <type>NUMBER</type>
                        <value>20</value>
                      </rightChild>
                      <type>OPERATOR</type>
                      <value>GREATER_THAN</value>
                    </formula>
                  </formulaList>
                </brick>
                <brick type="PhiroMotorMoveBackwardBrick">
                  <commentedOut>false</commentedOut>
                  <formulaList>
                    <formula category="PHIRO_SPEED">
                      <type>USER_VARIABLE</type>
                      <value>speed</value>
                    </formula>
                  </formulaList>
                  <motor>MOTOR_BOTH</motor>
                </brick>
                <brick type="IfLogicElseBrick">
                  <commentedOut>false</commentedOut>
                </brick>
                <brick type="IfLogicBeginBrick">
                  <commentedOut>false</commentedOut>
                  <formulaList>
                    <formula category="IF_CONDITION">
                      <leftChild>
                        <type>SENSOR</type>
                        <value>Y_INCLINATION</value>
                      </leftChild>
                      <rightChild>
                        <rightChild>
                          <type>NUMBER</type>
                          <value>20</value>
                        </rightChild>
                        <type>OPERATOR</type>
                        <value>MINUS</value>
                      </rightChild>
                      <type>OPERATOR</type>
                      <value>SMALLER_THAN</value>
                    </formula>
                  </formulaList>
                </brick>
                <brick type="PhiroMotorMoveForwardBrick">
                  <commentedOut>false</commentedOut>
                  <formulaList>
                    <formula category="PHIRO_SPEED">
                      <type>USER_VARIABLE</type>
                      <value>speed</value>
                    </formula>
                  </formulaList>
                  <motor>MOTOR_BOTH</motor>
                </brick>
                <brick type="IfLogicElseBrick">
                  <commentedOut>false</commentedOut>
                </brick>
                <brick type="PhiroMotorStopBrick">
                  <commentedOut>false</commentedOut>
                  <motor>MOTOR_BOTH</motor>
                </brick>
                <brick type="IfLogicEndBrick">
                  <commentedOut>false</commentedOut>
                </brick>
                <brick type="IfLogicEndBrick">
                  <commentedOut>false</commentedOut>
                </brick>
                <brick type="IfLogicEndBrick">
                  <commentedOut>false</commentedOut>
                </brick>
                <brick type="IfLogicEndBrick">
                  <commentedOut>false</commentedOut>
                </brick>
                <brick type="IfLogicElseBrick">
                  <commentedOut>false</commentedOut>
                </brick>
                <brick type="IfLogicEndBrick">
                  <commentedOut>false</commentedOut>
                </brick>
                <brick type="LoopEndlessBrick">
                  <commentedOut>false</commentedOut>
                </brick>
              </brickList>
              <commentedOut>false</commentedOut>
              <isUserScript>false</isUserScript>
            </script>
          </scriptList>
          <soundList/>
          <userBricks/>
        </object>
        <object type="SingleSprite" name="arrow tap mode">
          <lookList>
            <look name="arrow tap mode">
              <fileName>774de71e1fec6c93c56ba1dd8c2bb652_arrow tap mode.png</fileName>
            </look>
          </lookList>
          <nfcTagList/>
          <scriptList>
            <script type="StartScript">
              <brickList>
                <brick type="SetSizeToBrick">
                  <commentedOut>false</commentedOut>
                  <formulaList>
                    <formula category="SIZE">
                      <type>NUMBER</type>
                      <value>25</value>
                    </formula>
                  </formulaList>
                </brick>
                <brick type="HideBrick">
                  <commentedOut>false</commentedOut>
                </brick>
              </brickList>
              <commentedOut>false</commentedOut>
              <isUserScript>false</isUserScript>
            </script>
            <script type="BroadcastScript">
              <brickList>
                <brick type="ShowBrick">
                  <commentedOut>false</commentedOut>
                </brick>
                <brick type="PointInDirectionBrick">
                  <commentedOut>false</commentedOut>
                  <formulaList>
                    <formula category="DEGREES">
                      <type>NUMBER</type>
                      <value>90.0</value>
                    </formula>
                  </formulaList>
                </brick>
                <brick type="PlaceAtBrick">
                  <commentedOut>false</commentedOut>
                  <formulaList>
                    <formula category="Y_POSITION">
                      <type>NUMBER</type>
                      <value>50</value>
                    </formula>
                    <formula category="X_POSITION">
                      <rightChild>
                        <type>NUMBER</type>
                        <value>50</value>
                      </rightChild>
                      <type>OPERATOR</type>
                      <value>MINUS</value>
                    </formula>
                  </formulaList>
                </brick>
                <brick type="TurnLeftBrick">
                  <commentedOut>false</commentedOut>
                  <formulaList>
                    <formula category="TURN_LEFT_DEGREES">
                      <type>NUMBER</type>
                      <value>0</value>
                    </formula>
                  </formulaList>
                </brick>
              </brickList>
              <commentedOut>false</commentedOut>
              <receivedMessage>tap mode</receivedMessage>
            </script>
            <script type="BroadcastScript">
              <brickList>
                <brick type="ShowBrick">
                  <commentedOut>false</commentedOut>
                </brick>
              </brickList>
              <commentedOut>false</commentedOut>
              <receivedMessage>tap mode</receivedMessage>
            </script>
            <script type="BroadcastScript">
              <brickList>
                <brick type="HideBrick">
                  <commentedOut>false</commentedOut>
                </brick>
              </brickList>
              <commentedOut>false</commentedOut>
              <receivedMessage>tilt mode</receivedMessage>
            </script>
            <script type="BroadcastScript">
              <brickList>
                <brick type="IfLogicBeginBrick">
                  <commentedOut>false</commentedOut>
                  <formulaList>
                    <formula category="IF_CONDITION">
                      <leftChild>
                        <type>USER_VARIABLE</type>
                        <value>speed</value>
                      </leftChild>
                      <rightChild>
                        <type>NUMBER</type>
                        <value>29</value>
                      </rightChild>
                      <type>OPERATOR</type>
                      <value>SMALLER_THAN</value>
                    </formula>
                  </formulaList>
                </brick>
                <brick type="TurnLeftBrick">
                  <commentedOut>false</commentedOut>
                  <formulaList>
                    <formula category="TURN_LEFT_DEGREES">
                      <type>NUMBER</type>
                      <value>0</value>
                    </formula>
                  </formulaList>
                </brick>
                <brick type="IfLogicElseBrick">
                  <commentedOut>false</commentedOut>
                </brick>
                <brick type="TurnRightBrick">
                  <commentedOut>false</commentedOut>
                  <formulaList>
                    <formula category="TURN_RIGHT_DEGREES">
                      <type>NUMBER</type>
                      <value>18</value>
                    </formula>
                  </formulaList>
                </brick>
                <brick type="IfLogicEndBrick">
                  <commentedOut>false</commentedOut>
                </brick>
              </brickList>
              <commentedOut>false</commentedOut>
              <receivedMessage>increase angle</receivedMessage>
            </script>
            <script type="BroadcastScript">
              <brickList>
                <brick type="IfLogicBeginBrick">
                  <commentedOut>false</commentedOut>
                  <formulaList>
                    <formula category="IF_CONDITION">
                      <leftChild>
                        <type>USER_VARIABLE</type>
                        <value>speed</value>
                      </leftChild>
                      <rightChild>
                        <type>NUMBER</type>
                        <value>100</value>
                      </rightChild>
                      <type>OPERATOR</type>
                      <value>GREATER_THAN</value>
                    </formula>
                  </formulaList>
                </brick>
                <brick type="TurnRightBrick">
                  <commentedOut>false</commentedOut>
                  <formulaList>
                    <formula category="TURN_RIGHT_DEGREES">
                      <type>NUMBER</type>
                      <value>0</value>
                    </formula>
                  </formulaList>
                </brick>
                <brick type="IfLogicElseBrick">
                  <commentedOut>false</commentedOut>
                </brick>
                <brick type="TurnLeftBrick">
                  <commentedOut>false</commentedOut>
                  <formulaList>
                    <formula category="TURN_LEFT_DEGREES">
                      <type>NUMBER</type>
                      <value>18</value>
                    </formula>
                  </formulaList>
                </brick>
                <brick type="IfLogicEndBrick">
                  <commentedOut>false</commentedOut>
                </brick>
              </brickList>
              <commentedOut>false</commentedOut>
              <receivedMessage>decrease angle</receivedMessage>
            </script>
          </scriptList>
          <soundList/>
          <userBricks/>
        </object>
        <object type="SingleSprite" name="arrow tilt mode">
          <lookList>
            <look name="arrow tap mode">
              <fileName>774de71e1fec6c93c56ba1dd8c2bb652_arrow tap mode.png</fileName>
            </look>
          </lookList>
          <nfcTagList/>
          <scriptList>
            <script type="StartScript">
              <brickList>
                <brick type="SetSizeToBrick">
                  <commentedOut>false</commentedOut>
                  <formulaList>
                    <formula category="SIZE">
                      <type>NUMBER</type>
                      <value>20</value>
                    </formula>
                  </formulaList>
                </brick>
                <brick type="HideBrick">
                  <commentedOut>false</commentedOut>
                </brick>
              </brickList>
              <commentedOut>false</commentedOut>
              <isUserScript>false</isUserScript>
            </script>
            <script type="WhenScript">
              <brickList/>
              <commentedOut>false</commentedOut>
              <action>Tapped</action>
            </script>
            <script type="BroadcastScript">
              <brickList>
                <brick type="ShowBrick">
                  <commentedOut>false</commentedOut>
                </brick>
                <brick type="PointInDirectionBrick">
                  <commentedOut>false</commentedOut>
                  <formulaList>
                    <formula category="DEGREES">
                      <type>NUMBER</type>
                      <value>90.0</value>
                    </formula>
                  </formulaList>
                </brick>
                <brick type="PlaceAtBrick">
                  <commentedOut>false</commentedOut>
                  <formulaList>
                    <formula category="Y_POSITION">
                      <rightChild>
                        <type>NUMBER</type>
                        <value>60</value>
                      </rightChild>
                      <type>OPERATOR</type>
                      <value>MINUS</value>
                    </formula>
                    <formula category="X_POSITION">
                      <rightChild>
                        <type>NUMBER</type>
                        <value>20</value>
                      </rightChild>
                      <type>OPERATOR</type>
                      <value>MINUS</value>
                    </formula>
                  </formulaList>
                </brick>
                <brick type="TurnLeftBrick">
                  <commentedOut>false</commentedOut>
                  <formulaList>
                    <formula category="TURN_LEFT_DEGREES">
                      <type>NUMBER</type>
                      <value>10</value>
                    </formula>
                  </formulaList>
                </brick>
              </brickList>
              <commentedOut>false</commentedOut>
              <receivedMessage>tilt mode</receivedMessage>
            </script>
            <script type="BroadcastScript">
              <brickList>
                <brick type="HideBrick">
                  <commentedOut>false</commentedOut>
                </brick>
              </brickList>
              <commentedOut>false</commentedOut>
              <receivedMessage>tap mode</receivedMessage>
            </script>
            <script type="BroadcastScript">
              <brickList>
                <brick type="IfLogicBeginBrick">
                  <commentedOut>false</commentedOut>
                  <formulaList>
                    <formula category="IF_CONDITION">
                      <leftChild>
                        <type>USER_VARIABLE</type>
                        <value>speed</value>
                      </leftChild>
                      <rightChild>
                        <type>NUMBER</type>
                        <value>29</value>
                      </rightChild>
                      <type>OPERATOR</type>
                      <value>GREATER_THAN</value>
                    </formula>
                  </formulaList>
                </brick>
                <brick type="TurnLeftBrick">
                  <commentedOut>false</commentedOut>
                  <formulaList>
                    <formula category="TURN_LEFT_DEGREES">
                      <type>NUMBER</type>
                      <value>21.5</value>
                    </formula>
                  </formulaList>
                </brick>
                <brick type="IfLogicElseBrick">
                  <commentedOut>false</commentedOut>
                </brick>
                <brick type="TurnRightBrick">
                  <commentedOut>false</commentedOut>
                  <formulaList>
                    <formula category="TURN_RIGHT_DEGREES">
                      <type>NUMBER</type>
                      <value>0</value>
                    </formula>
                  </formulaList>
                </brick>
                <brick type="IfLogicEndBrick">
                  <commentedOut>false</commentedOut>
                </brick>
              </brickList>
              <commentedOut>false</commentedOut>
              <receivedMessage>decrease angle</receivedMessage>
            </script>
            <script type="BroadcastScript">
              <brickList>
                <brick type="IfLogicBeginBrick">
                  <commentedOut>false</commentedOut>
                  <formulaList>
                    <formula category="IF_CONDITION">
                      <leftChild>
                        <type>USER_VARIABLE</type>
                        <value>speed</value>
                      </leftChild>
                      <rightChild>
                        <type>NUMBER</type>
                        <value>101</value>
                      </rightChild>
                      <type>OPERATOR</type>
                      <value>SMALLER_THAN</value>
                    </formula>
                  </formulaList>
                </brick>
                <brick type="TurnRightBrick">
                  <commentedOut>false</commentedOut>
                  <formulaList>
                    <formula category="TURN_RIGHT_DEGREES">
                      <type>NUMBER</type>
                      <value>21.5</value>
                    </formula>
                  </formulaList>
                </brick>
                <brick type="IfLogicElseBrick">
                  <commentedOut>false</commentedOut>
                </brick>
                <brick type="TurnRightBrick">
                  <commentedOut>false</commentedOut>
                  <formulaList>
                    <formula category="TURN_RIGHT_DEGREES">
                      <type>NUMBER</type>
                      <value>0</value>
                    </formula>
                  </formulaList>
                </brick>
                <brick type="IfLogicEndBrick">
                  <commentedOut>false</commentedOut>
                </brick>
              </brickList>
              <commentedOut>false</commentedOut>
              <receivedMessage>increase angle</receivedMessage>
            </script>
          </scriptList>
          <soundList/>
          <userBricks/>
        </object>
        <object type="SingleSprite" name="left">
          <lookList>
            <look name="dir tap mode">
              <fileName>3eda00c1e3071bc1ce07da6016884571_dir tap mode.png</fileName>
            </look>
          </lookList>
          <nfcTagList/>
          <scriptList>
            <script type="StartScript">
              <brickList>
                <brick type="SetSizeToBrick">
                  <commentedOut>false</commentedOut>
                  <formulaList>
                    <formula category="SIZE">
                      <type>NUMBER</type>
                      <value>25</value>
                    </formula>
                  </formulaList>
                </brick>
                <brick type="HideBrick">
                  <commentedOut>false</commentedOut>
                </brick>
              </brickList>
              <commentedOut>false</commentedOut>
              <isUserScript>false</isUserScript>
            </script>
            <script type="BroadcastScript">
              <brickList>
                <brick type="HideBrick">
                  <commentedOut>false</commentedOut>
                </brick>
              </brickList>
              <commentedOut>false</commentedOut>
              <receivedMessage>tilt mode</receivedMessage>
            </script>
            <script type="BroadcastScript">
              <brickList>
                <brick type="PlaceAtBrick">
                  <commentedOut>false</commentedOut>
                  <formulaList>
                    <formula category="Y_POSITION">
                      <rightChild>
                        <type>NUMBER</type>
                        <value>350</value>
                      </rightChild>
                      <type>OPERATOR</type>
                      <value>MINUS</value>
                    </formula>
                    <formula category="X_POSITION">
                      <rightChild>
                        <type>NUMBER</type>
                        <value>750</value>
                      </rightChild>
                      <type>OPERATOR</type>
                      <value>MINUS</value>
                    </formula>
                  </formulaList>
                </brick>
                <brick type="ShowBrick">
                  <commentedOut>false</commentedOut>
                </brick>
              </brickList>
              <commentedOut>false</commentedOut>
              <receivedMessage>tap mode</receivedMessage>
            </script>
            <script type="WhenScript">
              <brickList>
                <brick type="RepeatUntilBrick">
                  <commentedOut>false</commentedOut>
                  <formulaList>
                    <formula category="REPEAT_UNTIL_CONDITION">
                      <rightChild>
                        <type>SENSOR</type>
                        <value>FINGER_TOUCHED</value>
                      </rightChild>
                      <type>OPERATOR</type>
                      <value>LOGICAL_NOT</value>
                    </formula>
                  </formulaList>
                </brick>
                <brick type="PhiroMotorMoveForwardBrick">
                  <commentedOut>false</commentedOut>
                  <formulaList>
                    <formula category="PHIRO_SPEED">
                      <type>USER_VARIABLE</type>
                      <value>speed</value>
                    </formula>
                  </formulaList>
                  <motor>MOTOR_RIGHT</motor>
                </brick>
                <brick type="PhiroMotorMoveBackwardBrick">
                  <commentedOut>false</commentedOut>
                  <formulaList>
                    <formula category="PHIRO_SPEED">
                      <type>USER_VARIABLE</type>
                      <value>speed</value>
                    </formula>
                  </formulaList>
                  <motor>MOTOR_LEFT</motor>
                </brick>
                <brick type="LoopEndBrick">
                  <commentedOut>false</commentedOut>
                </brick>
                <brick type="PhiroMotorStopBrick">
                  <commentedOut>false</commentedOut>
                  <motor>MOTOR_BOTH</motor>
                </brick>
              </brickList>
              <commentedOut>false</commentedOut>
              <action>Tapped</action>
            </script>
            <script type="WhenScript">
              <brickList>
                <brick type="RepeatUntilBrick">
                  <commentedOut>false</commentedOut>
                  <formulaList>
                    <formula category="REPEAT_UNTIL_CONDITION">
                      <rightChild>
                        <type>SENSOR</type>
                        <value>FINGER_TOUCHED</value>
                      </rightChild>
                      <type>OPERATOR</type>
                      <value>LOGICAL_NOT</value>
                    </formula>
                  </formulaList>
                </brick>
                <brick type="SetSizeToBrick">
                  <commentedOut>false</commentedOut>
                  <formulaList>
                    <formula category="SIZE">
                      <type>NUMBER</type>
                      <value>30</value>
                    </formula>
                  </formulaList>
                </brick>
                <brick type="LoopEndBrick">
                  <commentedOut>false</commentedOut>
                </brick>
                <brick type="SetSizeToBrick">
                  <commentedOut>false</commentedOut>
                  <formulaList>
                    <formula category="SIZE">
                      <type>NUMBER</type>
                      <value>25</value>
                    </formula>
                  </formulaList>
                </brick>
              </brickList>
              <commentedOut>false</commentedOut>
              <action>Tapped</action>
            </script>
          </scriptList>
          <soundList/>
          <userBricks/>
        </object>
        <object type="SingleSprite" name="right">
          <lookList>
            <look name="dir tap mode">
              <fileName>f062e252dee6a80f2c79ef75461eb79e_dir tap mode.png</fileName>
            </look>
          </lookList>
          <nfcTagList/>
          <scriptList>
            <script type="StartScript">
              <brickList>
                <brick type="SetSizeToBrick">
                  <commentedOut>false</commentedOut>
                  <formulaList>
                    <formula category="SIZE">
                      <type>NUMBER</type>
                      <value>25</value>
                    </formula>
                  </formulaList>
                </brick>
                <brick type="HideBrick">
                  <commentedOut>false</commentedOut>
                </brick>
              </brickList>
              <commentedOut>false</commentedOut>
              <isUserScript>false</isUserScript>
            </script>
            <script type="BroadcastScript">
              <brickList>
                <brick type="HideBrick">
                  <commentedOut>false</commentedOut>
                </brick>
              </brickList>
              <commentedOut>false</commentedOut>
              <receivedMessage>tilt mode</receivedMessage>
            </script>
            <script type="BroadcastScript">
              <brickList>
                <brick type="PlaceAtBrick">
                  <commentedOut>false</commentedOut>
                  <formulaList>
                    <formula category="Y_POSITION">
                      <rightChild>
                        <type>NUMBER</type>
                        <value>350</value>
                      </rightChild>
                      <type>OPERATOR</type>
                      <value>MINUS</value>
                    </formula>
                    <formula category="X_POSITION">
                      <rightChild>
                        <type>NUMBER</type>
                        <value>375</value>
                      </rightChild>
                      <type>OPERATOR</type>
                      <value>MINUS</value>
                    </formula>
                  </formulaList>
                </brick>
                <brick type="ShowBrick">
                  <commentedOut>false</commentedOut>
                </brick>
              </brickList>
              <commentedOut>false</commentedOut>
              <receivedMessage>tap mode</receivedMessage>
            </script>
            <script type="WhenScript">
              <brickList>
                <brick type="RepeatUntilBrick">
                  <commentedOut>false</commentedOut>
                  <formulaList>
                    <formula category="REPEAT_UNTIL_CONDITION">
                      <rightChild>
                        <type>SENSOR</type>
                        <value>FINGER_TOUCHED</value>
                      </rightChild>
                      <type>OPERATOR</type>
                      <value>LOGICAL_NOT</value>
                    </formula>
                  </formulaList>
                </brick>
                <brick type="PhiroMotorMoveForwardBrick">
                  <commentedOut>false</commentedOut>
                  <formulaList>
                    <formula category="PHIRO_SPEED">
                      <type>USER_VARIABLE</type>
                      <value>speed</value>
                    </formula>
                  </formulaList>
                  <motor>MOTOR_LEFT</motor>
                </brick>
                <brick type="PhiroMotorMoveBackwardBrick">
                  <commentedOut>false</commentedOut>
                  <formulaList>
                    <formula category="PHIRO_SPEED">
                      <type>USER_VARIABLE</type>
                      <value>speed</value>
                    </formula>
                  </formulaList>
                  <motor>MOTOR_RIGHT</motor>
                </brick>
                <brick type="LoopEndBrick">
                  <commentedOut>false</commentedOut>
                </brick>
                <brick type="PhiroMotorStopBrick">
                  <commentedOut>false</commentedOut>
                  <motor>MOTOR_BOTH</motor>
                </brick>
              </brickList>
              <commentedOut>false</commentedOut>
              <action>Tapped</action>
            </script>
            <script type="WhenScript">
              <brickList>
                <brick type="RepeatUntilBrick">
                  <commentedOut>false</commentedOut>
                  <formulaList>
                    <formula category="REPEAT_UNTIL_CONDITION">
                      <rightChild>
                        <type>SENSOR</type>
                        <value>FINGER_TOUCHED</value>
                      </rightChild>
                      <type>OPERATOR</type>
                      <value>LOGICAL_NOT</value>
                    </formula>
                  </formulaList>
                </brick>
                <brick type="SetSizeToBrick">
                  <commentedOut>false</commentedOut>
                  <formulaList>
                    <formula category="SIZE">
                      <type>NUMBER</type>
                      <value>30</value>
                    </formula>
                  </formulaList>
                </brick>
                <brick type="LoopEndBrick">
                  <commentedOut>false</commentedOut>
                </brick>
                <brick type="SetSizeToBrick">
                  <commentedOut>false</commentedOut>
                  <formulaList>
                    <formula category="SIZE">
                      <type>NUMBER</type>
                      <value>25</value>
                    </formula>
                  </formulaList>
                </brick>
              </brickList>
              <commentedOut>false</commentedOut>
              <action>Tapped</action>
            </script>
          </scriptList>
          <soundList/>
          <userBricks/>
        </object>
        <object type="SingleSprite" name="up">
          <lookList>
            <look name="dir tap mode">
              <fileName>3e5a1fa038b7c49d9ed3ceb7ab24f7c9_dir tap mode.png</fileName>
            </look>
          </lookList>
          <nfcTagList/>
          <scriptList>
            <script type="StartScript">
              <brickList>
                <brick type="SetSizeToBrick">
                  <commentedOut>false</commentedOut>
                  <formulaList>
                    <formula category="SIZE">
                      <type>NUMBER</type>
                      <value>25</value>
                    </formula>
                  </formulaList>
                </brick>
                <brick type="HideBrick">
                  <commentedOut>false</commentedOut>
                </brick>
              </brickList>
              <commentedOut>false</commentedOut>
              <isUserScript>false</isUserScript>
            </script>
            <script type="BroadcastScript">
              <brickList>
                <brick type="HideBrick">
                  <commentedOut>false</commentedOut>
                </brick>
              </brickList>
              <commentedOut>false</commentedOut>
              <receivedMessage>tilt mode</receivedMessage>
            </script>
            <script type="BroadcastScript">
              <brickList>
                <brick type="PlaceAtBrick">
                  <commentedOut>false</commentedOut>
                  <formulaList>
                    <formula category="Y_POSITION">
                      <type>NUMBER</type>
                      <value>260</value>
                    </formula>
                    <formula category="X_POSITION">
                      <type>NUMBER</type>
                      <value>760</value>
                    </formula>
                  </formulaList>
                </brick>
                <brick type="ShowBrick">
                  <commentedOut>false</commentedOut>
                </brick>
              </brickList>
              <commentedOut>false</commentedOut>
              <receivedMessage>tap mode</receivedMessage>
            </script>
            <script type="WhenScript">
              <brickList>
                <brick type="RepeatUntilBrick">
                  <commentedOut>false</commentedOut>
                  <formulaList>
                    <formula category="REPEAT_UNTIL_CONDITION">
                      <rightChild>
                        <type>SENSOR</type>
                        <value>FINGER_TOUCHED</value>
                      </rightChild>
                      <type>OPERATOR</type>
                      <value>LOGICAL_NOT</value>
                    </formula>
                  </formulaList>
                </brick>
                <brick type="PhiroMotorMoveForwardBrick">
                  <commentedOut>false</commentedOut>
                  <formulaList>
                    <formula category="PHIRO_SPEED">
                      <type>USER_VARIABLE</type>
                      <value>speed</value>
                    </formula>
                  </formulaList>
                  <motor>MOTOR_BOTH</motor>
                </brick>
                <brick type="LoopEndBrick">
                  <commentedOut>false</commentedOut>
                </brick>
                <brick type="PhiroMotorStopBrick">
                  <commentedOut>false</commentedOut>
                  <motor>MOTOR_BOTH</motor>
                </brick>
              </brickList>
              <commentedOut>false</commentedOut>
              <action>Tapped</action>
            </script>
            <script type="WhenScript">
              <brickList>
                <brick type="RepeatUntilBrick">
                  <commentedOut>false</commentedOut>
                  <formulaList>
                    <formula category="REPEAT_UNTIL_CONDITION">
                      <rightChild>
                        <type>SENSOR</type>
                        <value>FINGER_TOUCHED</value>
                      </rightChild>
                      <type>OPERATOR</type>
                      <value>LOGICAL_NOT</value>
                    </formula>
                  </formulaList>
                </brick>
                <brick type="SetSizeToBrick">
                  <commentedOut>false</commentedOut>
                  <formulaList>
                    <formula category="SIZE">
                      <type>NUMBER</type>
                      <value>30</value>
                    </formula>
                  </formulaList>
                </brick>
                <brick type="LoopEndBrick">
                  <commentedOut>false</commentedOut>
                </brick>
                <brick type="SetSizeToBrick">
                  <commentedOut>false</commentedOut>
                  <formulaList>
                    <formula category="SIZE">
                      <type>NUMBER</type>
                      <value>25</value>
                    </formula>
                  </formulaList>
                </brick>
              </brickList>
              <commentedOut>false</commentedOut>
              <action>Tapped</action>
            </script>
          </scriptList>
          <soundList/>
          <userBricks/>
        </object>
        <object type="SingleSprite" name="down">
          <lookList>
            <look name="dir tap mode">
              <fileName>d7849e4e0b7d856ef61935ab825fd99d_dir tap mode.png</fileName>
            </look>
          </lookList>
          <nfcTagList/>
          <scriptList>
            <script type="StartScript">
              <brickList>
                <brick type="SetSizeToBrick">
                  <commentedOut>false</commentedOut>
                  <formulaList>
                    <formula category="SIZE">
                      <type>NUMBER</type>
                      <value>25</value>
                    </formula>
                  </formulaList>
                </brick>
                <brick type="HideBrick">
                  <commentedOut>false</commentedOut>
                </brick>
              </brickList>
              <commentedOut>false</commentedOut>
              <isUserScript>false</isUserScript>
            </script>
            <script type="BroadcastScript">
              <brickList>
                <brick type="HideBrick">
                  <commentedOut>false</commentedOut>
                </brick>
              </brickList>
              <commentedOut>false</commentedOut>
              <receivedMessage>tilt mode</receivedMessage>
            </script>
            <script type="BroadcastScript">
              <brickList>
                <brick type="PlaceAtBrick">
                  <commentedOut>false</commentedOut>
                  <formulaList>
                    <formula category="Y_POSITION">
                      <rightChild>
                        <type>NUMBER</type>
                        <value>250</value>
                      </rightChild>
                      <type>OPERATOR</type>
                      <value>MINUS</value>
                    </formula>
                    <formula category="X_POSITION">
                      <type>NUMBER</type>
                      <value>760</value>
                    </formula>
                  </formulaList>
                </brick>
                <brick type="ShowBrick">
                  <commentedOut>false</commentedOut>
                </brick>
              </brickList>
              <commentedOut>false</commentedOut>
              <receivedMessage>tap mode</receivedMessage>
            </script>
            <script type="WhenScript">
              <brickList>
                <brick type="RepeatUntilBrick">
                  <commentedOut>false</commentedOut>
                  <formulaList>
                    <formula category="REPEAT_UNTIL_CONDITION">
                      <rightChild>
                        <type>SENSOR</type>
                        <value>FINGER_TOUCHED</value>
                      </rightChild>
                      <type>OPERATOR</type>
                      <value>LOGICAL_NOT</value>
                    </formula>
                  </formulaList>
                </brick>
                <brick type="PhiroMotorMoveBackwardBrick">
                  <commentedOut>false</commentedOut>
                  <formulaList>
                    <formula category="PHIRO_SPEED">
                      <type>USER_VARIABLE</type>
                      <value>speed</value>
                    </formula>
                  </formulaList>
                  <motor>MOTOR_BOTH</motor>
                </brick>
                <brick type="LoopEndBrick">
                  <commentedOut>false</commentedOut>
                </brick>
                <brick type="PhiroMotorStopBrick">
                  <commentedOut>false</commentedOut>
                  <motor>MOTOR_BOTH</motor>
                </brick>
              </brickList>
              <commentedOut>false</commentedOut>
              <action>Tapped</action>
            </script>
            <script type="WhenScript">
              <brickList>
                <brick type="RepeatUntilBrick">
                  <commentedOut>false</commentedOut>
                  <formulaList>
                    <formula category="REPEAT_UNTIL_CONDITION">
                      <rightChild>
                        <type>SENSOR</type>
                        <value>FINGER_TOUCHED</value>
                      </rightChild>
                      <type>OPERATOR</type>
                      <value>LOGICAL_NOT</value>
                    </formula>
                  </formulaList>
                </brick>
                <brick type="SetSizeToBrick">
                  <commentedOut>false</commentedOut>
                  <formulaList>
                    <formula category="SIZE">
                      <type>NUMBER</type>
                      <value>30</value>
                    </formula>
                  </formulaList>
                </brick>
                <brick type="LoopEndBrick">
                  <commentedOut>false</commentedOut>
                </brick>
                <brick type="SetSizeToBrick">
                  <commentedOut>false</commentedOut>
                  <formulaList>
                    <formula category="SIZE">
                      <type>NUMBER</type>
                      <value>25</value>
                    </formula>
                  </formulaList>
                </brick>
              </brickList>
              <commentedOut>false</commentedOut>
              <action>Tapped</action>
            </script>
          </scriptList>
          <soundList/>
          <userBricks/>
        </object>
      </objectList>
      <data>
        <objectListOfList>
          <entry>
            <object reference="../../../../objectList/object[2]"/>
            <list/>
          </entry>
          <entry>
            <object reference="../../../../objectList/object[6]"/>
            <list/>
          </entry>
          <entry>
            <object reference="../../../../objectList/object[5]"/>
            <list/>
          </entry>
          <entry>
            <object reference="../../../../objectList/object[4]"/>
            <list/>
          </entry>
          <entry>
            <object reference="../../../../objectList/object[13]"/>
            <list/>
          </entry>
          <entry>
            <object reference="../../../../objectList/object[10]"/>
            <list/>
          </entry>
          <entry>
            <object reference="../../../../objectList/object"/>
            <list/>
          </entry>
          <entry>
            <object reference="../../../../objectList/object[8]"/>
            <list/>
          </entry>
          <entry>
            <object reference="../../../../objectList/object[9]"/>
            <list/>
          </entry>
          <entry>
            <object reference="../../../../objectList/object[7]"/>
            <list/>
          </entry>
          <entry>
            <object reference="../../../../objectList/object[3]"/>
            <list/>
          </entry>
        </objectListOfList>
        <objectVariableList>
          <entry>
            <object reference="../../../../objectList/object[2]"/>
            <list/>
          </entry>
          <entry>
            <object reference="../../../../objectList/object[6]"/>
            <list/>
          </entry>
          <entry>
            <object reference="../../../../objectList/object[5]"/>
            <list/>
          </entry>
          <entry>
            <object reference="../../../../objectList/object[4]"/>
            <list/>
          </entry>
          <entry>
            <object reference="../../../../objectList/object[13]"/>
            <list/>
          </entry>
          <entry>
            <object reference="../../../../objectList/object[11]"/>
            <list/>
          </entry>
          <entry>
            <object reference="../../../../objectList/object[10]"/>
            <list/>
          </entry>
          <entry>
            <object reference="../../../../objectList/object"/>
            <list/>
          </entry>
          <entry>
            <object reference="../../../../objectList/object[8]"/>
            <list/>
          </entry>
          <entry>
            <object reference="../../../../objectList/object[9]"/>
            <list/>
          </entry>
          <entry>
            <object reference="../../../../objectList/object[7]"/>
            <list/>
          </entry>
          <entry>
            <object reference="../../../../objectList/object[3]"/>
            <list/>
          </entry>
          <entry>
            <object reference="../../../../objectList/object[12]"/>
            <list/>
          </entry>
        </objectVariableList>
        <userBrickVariableList/>
      </data>
      <originalWidth>1920</originalWidth>
      <originalHeight>1080</originalHeight>
    </scene>
  </scenes>
  <programVariableList>
    <userVariable reference="../../scenes/scene/objectList/object/scriptList/script/brickList/brick/userVariable"/>
    <userVariable reference="../../scenes/scene/objectList/object/scriptList/script[2]/brickList/brick[2]/userVariable"/>
  </programVariableList>
  <programListOfLists/>
</program>