<?xml version="1.0" encoding="UTF-8" standalone="yes" ?>
<program>
  <header>
    <applicationBuildName></applicationBuildName>
    <applicationBuildNumber>0</applicationBuildNumber>
    <applicationName>Pocket Code</applicationName>
    <applicationVersion>0.9.21</applicationVersion>
    <catrobatLanguageVersion>0.992</catrobatLanguageVersion>
    <dateTimeUpload></dateTimeUpload>
    <description></description>
    <deviceName>GT-I9500</deviceName>
    <landscapeMode>false</landscapeMode>
    <mediaLicense></mediaLicense>
    <platform>Android</platform>
    <platformVersion>21.0</platformVersion>
    <programLicense></programLicense>
    <programName>BETT dice phiro program</programName>
    <remixOf></remixOf>
    <scenesEnabled>true</scenesEnabled>
    <screenHeight>1920</screenHeight>
    <screenMode>STRETCH</screenMode>
    <screenWidth>1080</screenWidth>
    <tags></tags>
    <url></url>
    <userHandle></userHandle>
  </header>
  <settings/>
  <scenes>
    <scene>
      <name>Scene 1</name>
      <objectList>
        <object type="SingleSprite" name="Background">
          <lookList>
            <look name="dice1">
              <fileName>239aa13d5d5e07e3d11a515d70ce807c_dice1.png</fileName>
            </look>
            <look name="dice2">
              <fileName>2a07edf8e14c5eb27f85c3e7c4744e25_dice2.png</fileName>
            </look>
            <look name="dice3">
              <fileName>7d1eb383a0057b9bb1ec99b955255df0_dice3.png</fileName>
            </look>
            <look name="dice4">
              <fileName>5ab9d9bf90d4a4842beab27d3a71e607_dice4.png</fileName>
            </look>
            <look name="dice5">
              <fileName>25e4addf2628eb65909c4490c586fd69_dice5.png</fileName>
            </look>
            <look name="dice6">
              <fileName>7278e1cd79dd0883af75df4a576a88d4_dice6.png</fileName>
            </look>
          </lookList>
          <nfcTagList/>
          <scriptList>
            <script type="WhenScript">
              <brickList>
                <brick type="ShowTextBrick">
                  <commentedOut>false</commentedOut>
                  <formulaList>
                    <formula category="Y_POSITION">
                      <type>NUMBER</type>
                      <value>0</value>
                    </formula>
                    <formula category="X_POSITION">
                      <type>NUMBER</type>
                      <value>0</value>
                    </formula>
                  </formulaList>
                  <userVariable>dice value</userVariable>
                  <userVariableName>dice value</userVariableName>
                </brick>
                <brick type="SetLookBrick">
                  <commentedOut>false</commentedOut>
                  <look name="dice1">
                    <fileName>239aa13d5d5e07e3d11a515d70ce807c_dice1.png</fileName>
                  </look>
                </brick>
                <brick type="SetVariableBrick">
                  <commentedOut>false</commentedOut>
                  <formulaList>
                    <formula category="VARIABLE">
                      <type>NUMBER</type>
                      <value>1.0</value>
                    </formula>
                  </formulaList>
                  <userVariable reference="../../brick/userVariable"/>
                </brick>
                <brick type="RepeatBrick">
                  <commentedOut>false</commentedOut>
                  <formulaList>
                    <formula category="TIMES_TO_REPEAT">
                      <leftChild>
                        <type>NUMBER</type>
                        <value>50</value>
                      </leftChild>
                      <rightChild>
                        <type>NUMBER</type>
                        <value>60</value>
                      </rightChild>
                      <type>FUNCTION</type>
                      <value>RAND</value>
                    </formula>
                  </formulaList>
                </brick>
                <brick type="NextLookBrick">
                  <commentedOut>false</commentedOut>
                </brick>
                <brick type="ChangeVariableBrick">
                  <commentedOut>false</commentedOut>
                  <formulaList>
                    <formula category="VARIABLE_CHANGE">
                      <type>NUMBER</type>
                      <value>1.0</value>
                    </formula>
                  </formulaList>
                  <userVariable reference="../../brick/userVariable"/>
                </brick>
                <brick type="WaitBrick">
                  <commentedOut>false</commentedOut>
                  <formulaList>
                    <formula category="TIME_TO_WAIT_IN_SECONDS">
                      <type>NUMBER</type>
                      <value>0.1</value>
                    </formula>
                  </formulaList>
                </brick>
                <brick type="LoopEndBrick">
                  <commentedOut>false</commentedOut>
                </brick>
                <brick type="WaitBrick">
                  <commentedOut>false</commentedOut>
                  <formulaList>
                    <formula category="TIME_TO_WAIT_IN_SECONDS">
                      <type>NUMBER</type>
                      <value>2</value>
                    </formula>
                  </formulaList>
                </brick>
                <brick type="SetVariableBrick">
                  <commentedOut>false</commentedOut>
                  <formulaList>
                    <formula category="VARIABLE">
                      <leftChild>
                        <type>USER_VARIABLE</type>
                        <value>dice value</value>
                      </leftChild>
                      <rightChild>
                        <type>NUMBER</type>
                        <value>6</value>
                      </rightChild>
                      <type>FUNCTION</type>
                      <value>MOD</value>
                    </formula>
                  </formulaList>
                  <userVariable reference="../../brick/userVariable"/>
                </brick>
                <brick type="IfLogicBeginBrick">
                  <commentedOut>false</commentedOut>
                  <formulaList>
                    <formula category="IF_CONDITION">
                      <leftChild>
                        <type>USER_VARIABLE</type>
                        <value>dice value</value>
                      </leftChild>
                      <rightChild>
                        <type>NUMBER</type>
                        <value>0</value>
                      </rightChild>
                      <type>OPERATOR</type>
                      <value>EQUAL</value>
                    </formula>
                  </formulaList>
                </brick>
                <brick type="SetVariableBrick">
                  <commentedOut>false</commentedOut>
                  <formulaList>
                    <formula category="VARIABLE">
                      <type>NUMBER</type>
                      <value>6</value>
                    </formula>
                  </formulaList>
                  <userVariable reference="../../brick/userVariable"/>
                </brick>
                <brick type="IfLogicElseBrick">
                  <commentedOut>false</commentedOut>
                </brick>
                <brick type="SetVariableBrick">
                  <commentedOut>false</commentedOut>
                  <formulaList>
                    <formula category="VARIABLE">
                      <type>USER_VARIABLE</type>
                      <value>dice value</value>
                    </formula>
                  </formulaList>
                  <userVariable reference="../../brick/userVariable"/>
                </brick>
                <brick type="IfLogicEndBrick">
                  <commentedOut>false</commentedOut>
                </brick>
                <brick type="RepeatBrick">
                  <commentedOut>false</commentedOut>
                  <formulaList>
                    <formula category="TIMES_TO_REPEAT">
                      <type>USER_VARIABLE</type>
                      <value>dice value</value>
                    </formula>
                  </formulaList>
                </brick>
                <brick type="PhiroMotorMoveForwardBrick">
                  <commentedOut>false</commentedOut>
                  <formulaList>
                    <formula category="PHIRO_SPEED">
                      <type>NUMBER</type>
                      <value>100</value>
                    </formula>
                  </formulaList>
                  <motor>MOTOR_BOTH</motor>
                </brick>
                <brick type="WaitBrick">
                  <commentedOut>false</commentedOut>
                  <formulaList>
                    <formula category="TIME_TO_WAIT_IN_SECONDS">
                      <type>NUMBER</type>
                      <value>1.0</value>
                    </formula>
                  </formulaList>
                </brick>
                <brick type="PhiroMotorStopBrick">
                  <commentedOut>false</commentedOut>
                  <motor>MOTOR_BOTH</motor>
                </brick>
                <brick type="WaitBrick">
                  <commentedOut>false</commentedOut>
                  <formulaList>
                    <formula category="TIME_TO_WAIT_IN_SECONDS">
                      <type>NUMBER</type>
                      <value>1.0</value>
                    </formula>
                  </formulaList>
                </brick>
                <brick type="LoopEndBrick">
                  <commentedOut>false</commentedOut>
                </brick>
              </brickList>
              <commentedOut>false</commentedOut>
              <action>Tapped</action>
            </script>
          </scriptList>
          <soundList/>
          <userBricks/>
        </object>
      </objectList>
      <data>
        <objectListOfList>
          <entry>
            <object reference="../../../../objectList/object"/>
            <list/>
          </entry>
        </objectListOfList>
        <objectVariableList>
          <entry>
            <object reference="../../../../objectList/object"/>
            <list/>
          </entry>
        </objectVariableList>
        <userBrickVariableList>
          <entry>
            <null/>
            <list/>
          </entry>
        </userBrickVariableList>
      </data>
      <originalWidth>1080</originalWidth>
      <originalHeight>1920</originalHeight>
    </scene>
  </scenes>
  <programVariableList>
    <userVariable reference="../../scenes/scene/objectList/object/scriptList/script/brickList/brick/userVariable"/>
  </programVariableList>
  <programListOfLists/>
</program>